event_name,event_date,target,player_id,player_name,finish_text,finish_position,actual,model_prob,baseline_prob
Bank of Utah Championship,2026-10-01,top20,player_e3dd331aa4d6,Bowen Mauss (a),CUT,,0,0.1533,0.186916
Bank of Utah Championship,2026-10-01,top10,player_e3dd331aa4d6,Bowen Mauss (a),CUT,,0,0.07735,0.093458
Bank of Utah Championship,2026-10-01,top5,player_e3dd331aa4d6,Bowen Mauss (a),CUT,,0,0.038,0.046729
Bank of Utah Championship,2026-10-01,winner,player_e3dd331aa4d6,Bowen Mauss (a),CUT,,0,0.0063,0.009346
Bank of Utah Championship,2026-10-01,top20,player_823e15582957,Chris Kirk,T21,21,0,0.19615,0.186916
Bank of Utah Championship,2026-10-01,top10,player_823e15582957,Chris Kirk,T21,21,0,0.0977,0.093458
Bank of Utah Championship,2026-10-01,top5,player_823e15582957,Chris Kirk,T21,21,0,0.04805,0.046729
Bank of Utah Championship,2026-10-01,winner,player_823e15582957,Chris Kirk,T21,21,0,0.00745,0.009346
Bank of Utah Championship,2026-10-01,top20,player_816ae5b83710,Michael Brennan,T13,13,1,0.2457,0.186916
Bank of Utah Championship,2026-10-01,top10,player_816ae5b83710,Michael Brennan,T13,13,0,0.1254,0.093458
Bank of Utah Championship,2026-10-01,top5,player_816ae5b83710,Michael Brennan,T13,13,0,0.062,0.046729
Bank of Utah Championship,2026-10-01,winner,player_816ae5b83710,Michael Brennan,T13,13,0,0.0087,0.009346
Bank of Utah Championship,2026-10-01,top20,player_15d793e2200c,Brendon Todd,T68,68,0,0.11275,0.186916
Bank of Utah Championship,2026-10-01,top10,player_15d793e2200c,Brendon Todd,T68,68,0,0.05415,0.093458
Bank of Utah Championship,2026-10-01,top5,player_15d793e2200c,Brendon Todd,T68,68,0,0.02755,0.046729
Bank of Utah Championship,2026-10-01,winner,player_15d793e2200c,Brendon Todd,T68,68,0,0.0044,0.009346
Bank of Utah Championship,2026-10-01,top20,player_4667fea988e7,Paul Peterson,CUT,,0,0.1849,0.186916
Bank of Utah Championship,2026-10-01,top10,player_4667fea988e7,Paul Peterson,CUT,,0,0.0907,0.093458
Bank of Utah Championship,2026-10-01,top5,player_4667fea988e7,Paul Peterson,CUT,,0,0.04615,0.046729
Bank of Utah Championship,2026-10-01,winner,player_4667fea988e7,Paul Peterson,CUT,,0,0.0061,0.009346
Bank of Utah Championship,2026-10-01,top20,player_c9344a45c65b,Maverick McNealy,CUT,,0,0.36875,0.186916
Bank of Utah Championship,2026-10-01,top10,player_c9344a45c65b,Maverick McNealy,CUT,,0,0.2266,0.093458
Bank of Utah Championship,2026-10-01,top5,player_c9344a45c65b,Maverick McNealy,CUT,,0,0.13415,0.046729
Bank of Utah Championship,2026-10-01,winner,player_c9344a45c65b,Maverick McNealy,CUT,,0,0.0297,0.009346
Bank of Utah Championship,2026-10-01,top20,player_8e867b3efadb,Haotong Li,T68,68,0,0.1999,0.186916
Bank of Utah Championship,2026-10-01,top10,player_8e867b3efadb,Haotong Li,T68,68,0,0.11255,0.093458
Bank of Utah Championship,2026-10-01,top5,player_8e867b3efadb,Haotong Li,T68,68,0,0.06015,0.046729
Bank of Utah Championship,2026-10-01,winner,player_8e867b3efadb,Haotong Li,T68,68,0,0.0122,0.009346
Bank of Utah Championship,2026-10-01,top20,player_2c6686876d5b,Erik van Rooyen,T45,45,0,0.1605,0.186916
Bank of Utah Championship,2026-10-01,top10,player_2c6686876d5b,Erik van Rooyen,T45,45,0,0.0755,0.093458
Bank of Utah Championship,2026-10-01,top5,player_2c6686876d5b,Erik van Rooyen,T45,45,0,0.03595,0.046729
Bank of Utah Championship,2026-10-01,winner,player_2c6686876d5b,Erik van Rooyen,T45,45,0,0.0054,0.009346
Bank of Utah Championship,2026-10-01,top20,player_086827426f19,Jimmy Stanger,CUT,,0,0.1701,0.186916
Bank of Utah Championship,2026-10-01,top10,player_086827426f19,Jimmy Stanger,CUT,,0,0.0846,0.093458
Bank of Utah Championship,2026-10-01,top5,player_086827426f19,Jimmy Stanger,CUT,,0,0.0417,0.046729
Bank of Utah Championship,2026-10-01,winner,player_086827426f19,Jimmy Stanger,CUT,,0,0.00555,0.009346
Bank of Utah Championship,2026-10-01,top20,player_57144ee202ab,Kevin Yu,T32,32,0,0.23595,0.186916
Bank of Utah Championship,2026-10-01,top10,player_57144ee202ab,Kevin Yu,T32,32,0,0.1206,0.093458
Bank of Utah Championship,2026-10-01,top5,player_57144ee202ab,Kevin Yu,T32,32,0,0.0645,0.046729
Bank of Utah Championship,2026-10-01,winner,player_57144ee202ab,Kevin Yu,T32,32,0,0.01105,0.009346
Bank of Utah Championship,2026-10-01,top20,player_66d7d367f69e,Peter Malnati,CUT,,0,0.10745,0.186916
Bank of Utah Championship,2026-10-01,top10,player_66d7d367f69e,Peter Malnati,CUT,,0,0.04895,0.093458
Bank of Utah Championship,2026-10-01,top5,player_66d7d367f69e,Peter Malnati,CUT,,0,0.0231,0.046729
Bank of Utah Championship,2026-10-01,winner,player_66d7d367f69e,Peter Malnati,CUT,,0,0.00345,0.009346
Bank of Utah Championship,2026-10-01,top20,player_8fc663ee83bc,Zac Blair,T21,21,0,0.2316,0.186916
Bank of Utah Championship,2026-10-01,top10,player_8fc663ee83bc,Zac Blair,T21,21,0,0.1176,0.093458
Bank of Utah Championship,2026-10-01,top5,player_8fc663ee83bc,Zac Blair,T21,21,0,0.05825,0.046729
Bank of Utah Championship,2026-10-01,winner,player_8fc663ee83bc,Zac Blair,T21,21,0,0.00995,0.009346
Bank of Utah Championship,2026-10-01,top20,player_b6cd5ffed22e,Marcelo Rozo,CUT,,0,0.0605,0.186916
Bank of Utah Championship,2026-10-01,top10,player_b6cd5ffed22e,Marcelo Rozo,CUT,,0,0.02125,0.093458
Bank of Utah Championship,2026-10-01,top5,player_b6cd5ffed22e,Marcelo Rozo,CUT,,0,0.0085,0.046729
Bank of Utah Championship,2026-10-01,winner,player_b6cd5ffed22e,Marcelo Rozo,CUT,,0,0.00105,0.009346
Bank of Utah Championship,2026-10-01,top20,player_current_fd0894f47f00,"Bracken, Boston",CUT,,0,0.19865,0.186916
Bank of Utah Championship,2026-10-01,top10,player_current_fd0894f47f00,"Bracken, Boston",CUT,,0,0.1055,0.093458
Bank of Utah Championship,2026-10-01,top5,player_current_fd0894f47f00,"Bracken, Boston",CUT,,0,0.0545,0.046729
Bank of Utah Championship,2026-10-01,winner,player_current_fd0894f47f00,"Bracken, Boston",CUT,,0,0.0096,0.009346
Bank of Utah Championship,2026-10-01,top20,player_b57e1d638cfb,Justin Lower,T21,21,0,0.1695,0.186916
Bank of Utah Championship,2026-10-01,top10,player_b57e1d638cfb,Justin Lower,T21,21,0,0.08595,0.093458
Bank of Utah Championship,2026-10-01,top5,player_b57e1d638cfb,Justin Lower,T21,21,0,0.04475,0.046729
Bank of Utah Championship,2026-10-01,winner,player_b57e1d638cfb,Justin Lower,T21,21,0,0.0074,0.009346
Bank of Utah Championship,2026-10-01,top20,player_a7b4d2a2f23c,Hayden Springer,CUT,,0,0.2271,0.186916
Bank of Utah Championship,2026-10-01,top10,player_a7b4d2a2f23c,Hayden Springer,CUT,,0,0.1216,0.093458
Bank of Utah Championship,2026-10-01,top5,player_a7b4d2a2f23c,Hayden Springer,CUT,,0,0.06485,0.046729
Bank of Utah Championship,2026-10-01,winner,player_a7b4d2a2f23c,Hayden Springer,CUT,,0,0.0116,0.009346
Bank of Utah Championship,2026-10-01,top20,player_dafd1623d570,Aaron Wise,CUT,,0,0.18645,0.186916
Bank of Utah Championship,2026-10-01,top10,player_dafd1623d570,Aaron Wise,CUT,,0,0.09815,0.093458
Bank of Utah Championship,2026-10-01,top5,player_dafd1623d570,Aaron Wise,CUT,,0,0.05,0.046729
Bank of Utah Championship,2026-10-01,winner,player_dafd1623d570,Aaron Wise,CUT,,0,0.0089,0.009346
Bank of Utah Championship,2026-10-01,top20,player_c9f4b47aff7d,Harry Hall,T13,13,1,0.287,0.186916
Bank of Utah Championship,2026-10-01,top10,player_c9f4b47aff7d,Harry Hall,T13,13,0,0.14945,0.093458
Bank of Utah Championship,2026-10-01,top5,player_c9f4b47aff7d,Harry Hall,T13,13,0,0.07695,0.046729
Bank of Utah Championship,2026-10-01,winner,player_c9f4b47aff7d,Harry Hall,T13,13,0,0.01115,0.009346
Bank of Utah Championship,2026-10-01,top20,player_91d794ddd456,Danny Walker,T32,32,0,0.12995,0.186916
Bank of Utah Championship,2026-10-01,top10,player_91d794ddd456,Danny Walker,T32,32,0,0.0695,0.093458
Bank of Utah Championship,2026-10-01,top5,player_91d794ddd456,Danny Walker,T32,32,0,0.0371,0.046729
Bank of Utah Championship,2026-10-01,winner,player_91d794ddd456,Danny Walker,T32,32,0,0.0068,0.009346
Bank of Utah Championship,2026-10-01,top20,player_c8ce06720ec3,Mackenzie Hughes,CUT,,0,0.22355,0.186916
Bank of Utah Championship,2026-10-01,top10,player_c8ce06720ec3,Mackenzie Hughes,CUT,,0,0.12085,0.093458
Bank of Utah Championship,2026-10-01,top5,player_c8ce06720ec3,Mackenzie Hughes,CUT,,0,0.062,0.046729
Bank of Utah Championship,2026-10-01,winner,player_c8ce06720ec3,Mackenzie Hughes,CUT,,0,0.00965,0.009346
Bank of Utah Championship,2026-10-01,top20,player_777b4b72b54c,Matt Wallace,CUT,,0,0.2349,0.186916
Bank of Utah Championship,2026-10-01,top10,player_777b4b72b54c,Matt Wallace,CUT,,0,0.12195,0.093458
Bank of Utah Championship,2026-10-01,top5,player_777b4b72b54c,Matt Wallace,CUT,,0,0.06125,0.046729
Bank of Utah Championship,2026-10-01,winner,player_777b4b72b54c,Matt Wallace,CUT,,0,0.0102,0.009346
Bank of Utah Championship,2026-10-01,top20,player_075e128fcd1d,Chandler Blanchet,T59,59,0,0.09835,0.186916
Bank of Utah Championship,2026-10-01,top10,player_075e128fcd1d,Chandler Blanchet,T59,59,0,0.0465,0.093458
Bank of Utah Championship,2026-10-01,top5,player_075e128fcd1d,Chandler Blanchet,T59,59,0,0.0234,0.046729
Bank of Utah Championship,2026-10-01,winner,player_075e128fcd1d,Chandler Blanchet,T59,59,0,0.00355,0.009346
Bank of Utah Championship,2026-10-01,top20,player_203f1679c8ee,Tom Hoge,CUT,,0,0.1742,0.186916
Bank of Utah Championship,2026-10-01,top10,player_203f1679c8ee,Tom Hoge,CUT,,0,0.0906,0.093458
Bank of Utah Championship,2026-10-01,top5,player_203f1679c8ee,Tom Hoge,CUT,,0,0.0469,0.046729
Bank of Utah Championship,2026-10-01,winner,player_203f1679c8ee,Tom Hoge,CUT,,0,0.0084,0.009346
Bank of Utah Championship,2026-10-01,top20,player_e6625fee0587,Doug Ghim,2,2,1,0.2974,0.186916
Bank of Utah Championship,2026-10-01,top10,player_e6625fee0587,Doug Ghim,2,2,1,0.16035,0.093458
Bank of Utah Championship,2026-10-01,top5,player_e6625fee0587,Doug Ghim,2,2,1,0.08105,0.046729
Bank of Utah Championship,2026-10-01,winner,player_e6625fee0587,Doug Ghim,2,2,0,0.01175,0.009346
Bank of Utah Championship,2026-10-01,top20,player_73aef2dd2f39,Jeffrey Kang,CUT,,0,0.0853,0.186916
Bank of Utah Championship,2026-10-01,top10,player_73aef2dd2f39,Jeffrey Kang,CUT,,0,0.03555,0.093458
Bank of Utah Championship,2026-10-01,top5,player_73aef2dd2f39,Jeffrey Kang,CUT,,0,0.01555,0.046729
Bank of Utah Championship,2026-10-01,winner,player_73aef2dd2f39,Jeffrey Kang,CUT,,0,0.0014,0.009346
Bank of Utah Championship,2026-10-01,top20,player_fc7ae493fb5f,Zach Bauchou,T13,13,1,0.13315,0.186916
Bank of Utah Championship,2026-10-01,top10,player_fc7ae493fb5f,Zach Bauchou,T13,13,0,0.0622,0.093458
Bank of Utah Championship,2026-10-01,top5,player_fc7ae493fb5f,Zach Bauchou,T13,13,0,0.0292,0.046729
Bank of Utah Championship,2026-10-01,winner,player_fc7ae493fb5f,Zach Bauchou,T13,13,0,0.00395,0.009346
Bank of Utah Championship,2026-10-01,top20,player_16cdf93b33fd,A.J. Ewart,T13,13,1,0.28235,0.186916
Bank of Utah Championship,2026-10-01,top10,player_16cdf93b33fd,A.J. Ewart,T13,13,0,0.1551,0.093458
Bank of Utah Championship,2026-10-01,top5,player_16cdf93b33fd,A.J. Ewart,T13,13,0,0.08405,0.046729
Bank of Utah Championship,2026-10-01,winner,player_16cdf93b33fd,A.J. Ewart,T13,13,0,0.01655,0.009346
Bank of Utah Championship,2026-10-01,top20,player_1978233bc5a6,Davis Thompson,T62,62,0,0.27795,0.186916
Bank of Utah Championship,2026-10-01,top10,player_1978233bc5a6,Davis Thompson,T62,62,0,0.1461,0.093458
Bank of Utah Championship,2026-10-01,top5,player_1978233bc5a6,Davis Thompson,T62,62,0,0.076,0.046729
Bank of Utah Championship,2026-10-01,winner,player_1978233bc5a6,Davis Thompson,T62,62,0,0.01245,0.009346
Bank of Utah Championship,2026-10-01,top20,player_518e2f0a8352,Jackson Koivun (a),T65,65,0,0.3661,0.186916
Bank of Utah Championship,2026-10-01,top10,player_518e2f0a8352,Jackson Koivun (a),T65,65,0,0.2196,0.093458
Bank of Utah Championship,2026-10-01,top5,player_518e2f0a8352,Jackson Koivun (a),T65,65,0,0.1261,0.046729
Bank of Utah Championship,2026-10-01,winner,player_518e2f0a8352,Jackson Koivun (a),T65,65,0,0.02565,0.009346
Bank of Utah Championship,2026-10-01,top20,player_9ec98de1371a,Andrew Putnam,CUT,,0,0.2498,0.186916
Bank of Utah Championship,2026-10-01,top10,player_9ec98de1371a,Andrew Putnam,CUT,,0,0.12895,0.093458
Bank of Utah Championship,2026-10-01,top5,player_9ec98de1371a,Andrew Putnam,CUT,,0,0.0644,0.046729
Bank of Utah Championship,2026-10-01,winner,player_9ec98de1371a,Andrew Putnam,CUT,,0,0.00985,0.009346
Bank of Utah Championship,2026-10-01,top20,player_f43a3f45b0be,Ben Martin,CUT,,0,0.16375,0.186916
Bank of Utah Championship,2026-10-01,top10,player_f43a3f45b0be,Ben Martin,CUT,,0,0.0749,0.093458
Bank of Utah Championship,2026-10-01,top5,player_f43a3f45b0be,Ben Martin,CUT,,0,0.0347,0.046729
Bank of Utah Championship,2026-10-01,winner,player_f43a3f45b0be,Ben Martin,CUT,,0,0.0051,0.009346
Bank of Utah Championship,2026-10-01,top20,player_b24d6a68d920,Adrien Dumont de Chassart,T53,53,0,0.19115,0.186916
Bank of Utah Championship,2026-10-01,top10,player_b24d6a68d920,Adrien Dumont de Chassart,T53,53,0,0.0908,0.093458
Bank of Utah Championship,2026-10-01,top5,player_b24d6a68d920,Adrien Dumont de Chassart,T53,53,0,0.04285,0.046729
Bank of Utah Championship,2026-10-01,winner,player_b24d6a68d920,Adrien Dumont de Chassart,T53,53,0,0.00515,0.009346
Bank of Utah Championship,2026-10-01,top20,player_6326a72725a2,Zecheng Dou,67,67,0,0.17455,0.186916
Bank of Utah Championship,2026-10-01,top10,player_6326a72725a2,Zecheng Dou,67,67,0,0.0804,0.093458
Bank of Utah Championship,2026-10-01,top5,player_6326a72725a2,Zecheng Dou,67,67,0,0.0377,0.046729
Bank of Utah Championship,2026-10-01,winner,player_6326a72725a2,Zecheng Dou,67,67,0,0.0056,0.009346
Bank of Utah Championship,2026-10-01,top20,player_dd302c390740,Pierceson Coody,CUT,,0,0.2706,0.186916
Bank of Utah Championship,2026-10-01,top10,player_dd302c390740,Pierceson Coody,CUT,,0,0.1521,0.093458
Bank of Utah Championship,2026-10-01,top5,player_dd302c390740,Pierceson Coody,CUT,,0,0.08115,0.046729
Bank of Utah Championship,2026-10-01,winner,player_dd302c390740,Pierceson Coody,CUT,,0,0.01405,0.009346
Bank of Utah Championship,2026-10-01,top20,player_5d0e243fa822,John VanDerLaan,T40,40,0,0.1106,0.186916
Bank of Utah Championship,2026-10-01,top10,player_5d0e243fa822,John VanDerLaan,T40,40,0,0.05135,0.093458
Bank of Utah Championship,2026-10-01,top5,player_5d0e243fa822,John VanDerLaan,T40,40,0,0.0258,0.046729
Bank of Utah Championship,2026-10-01,winner,player_5d0e243fa822,John VanDerLaan,T40,40,0,0.00335,0.009346
Bank of Utah Championship,2026-10-01,top20,player_b6084b28a05a,Denny McCarthy,CUT,,0,0.2314,0.186916
Bank of Utah Championship,2026-10-01,top10,player_b6084b28a05a,Denny McCarthy,CUT,,0,0.10955,0.093458
Bank of Utah Championship,2026-10-01,top5,player_b6084b28a05a,Denny McCarthy,CUT,,0,0.0496,0.046729
Bank of Utah Championship,2026-10-01,winner,player_b6084b28a05a,Denny McCarthy,CUT,,0,0.0067,0.009346
Bank of Utah Championship,2026-10-01,top20,player_fde40a6f682c,Gordon Sargent,T21,21,0,0.09085,0.186916
Bank of Utah Championship,2026-10-01,top10,player_fde40a6f682c,Gordon Sargent,T21,21,0,0.04015,0.093458
Bank of Utah Championship,2026-10-01,top5,player_fde40a6f682c,Gordon Sargent,T21,21,0,0.01795,0.046729
Bank of Utah Championship,2026-10-01,winner,player_fde40a6f682c,Gordon Sargent,T21,21,0,0.00255,0.009346
Bank of Utah Championship,2026-10-01,top20,player_01cf5a9f3c71,Max Homa,T26,26,0,0.24295,0.186916
Bank of Utah Championship,2026-10-01,top10,player_01cf5a9f3c71,Max Homa,T26,26,0,0.13045,0.093458
Bank of Utah Championship,2026-10-01,top5,player_01cf5a9f3c71,Max Homa,T26,26,0,0.0682,0.046729
Bank of Utah Championship,2026-10-01,winner,player_01cf5a9f3c71,Max Homa,T26,26,0,0.01225,0.009346
Bank of Utah Championship,2026-10-01,top20,player_65fbf71e2130,Aldrich Potgieter,CUT,,0,0.17335,0.186916
Bank of Utah Championship,2026-10-01,top10,player_65fbf71e2130,Aldrich Potgieter,CUT,,0,0.09315,0.093458
Bank of Utah Championship,2026-10-01,top5,player_65fbf71e2130,Aldrich Potgieter,CUT,,0,0.05045,0.046729
Bank of Utah Championship,2026-10-01,winner,player_65fbf71e2130,Aldrich Potgieter,CUT,,0,0.0091,0.009346
Bank of Utah Championship,2026-10-01,top20,player_c5fd22d7c1ce,Steven Fisk,T7,7,1,0.2402,0.186916
Bank of Utah Championship,2026-10-01,top10,player_c5fd22d7c1ce,Steven Fisk,T7,7,1,0.12365,0.093458
Bank of Utah Championship,2026-10-01,top5,player_c5fd22d7c1ce,Steven Fisk,T7,7,0,0.06365,0.046729
Bank of Utah Championship,2026-10-01,winner,player_c5fd22d7c1ce,Steven Fisk,T7,7,0,0.0094,0.009346
Bank of Utah Championship,2026-10-01,top20,player_d6f45703905f,Taylor Moore,T45,45,0,0.2188,0.186916
Bank of Utah Championship,2026-10-01,top10,player_d6f45703905f,Taylor Moore,T45,45,0,0.1145,0.093458
Bank of Utah Championship,2026-10-01,top5,player_d6f45703905f,Taylor Moore,T45,45,0,0.0577,0.046729
Bank of Utah Championship,2026-10-01,winner,player_d6f45703905f,Taylor Moore,T45,45,0,0.00975,0.009346
Bank of Utah Championship,2026-10-01,top20,player_14f25600f2d0,Ben James (a),T5,5,1,0.1981,0.186916
Bank of Utah Championship,2026-10-01,top10,player_14f25600f2d0,Ben James (a),T5,5,1,0.10185,0.093458
Bank of Utah Championship,2026-10-01,top5,player_14f25600f2d0,Ben James (a),T5,5,1,0.0486,0.046729
Bank of Utah Championship,2026-10-01,winner,player_14f25600f2d0,Ben James (a),T5,5,0,0.00825,0.009346
Bank of Utah Championship,2026-10-01,top20,player_c1bd6ed5b1c4,Neal Shipley,T10,10,1,0.1103,0.186916
Bank of Utah Championship,2026-10-01,top10,player_c1bd6ed5b1c4,Neal Shipley,T10,10,1,0.04685,0.093458
Bank of Utah Championship,2026-10-01,top5,player_c1bd6ed5b1c4,Neal Shipley,T10,10,0,0.01835,0.046729
Bank of Utah Championship,2026-10-01,winner,player_c1bd6ed5b1c4,Neal Shipley,T10,10,0,0.00165,0.009346
Bank of Utah Championship,2026-10-01,top20,player_94f906398ba0,Johnny Keefer,T10,10,1,0.2418,0.186916
Bank of Utah Championship,2026-10-01,top10,player_94f906398ba0,Johnny Keefer,T10,10,1,0.1304,0.093458
Bank of Utah Championship,2026-10-01,top5,player_94f906398ba0,Johnny Keefer,T10,10,0,0.0705,0.046729
Bank of Utah Championship,2026-10-01,winner,player_94f906398ba0,Johnny Keefer,T10,10,0,0.01375,0.009346
Bank of Utah Championship,2026-10-01,top20,player_9d23808cb3ba,Kevin Roy,T32,32,0,0.2246,0.186916
Bank of Utah Championship,2026-10-01,top10,player_9d23808cb3ba,Kevin Roy,T32,32,0,0.1197,0.093458
Bank of Utah Championship,2026-10-01,top5,player_9d23808cb3ba,Kevin Roy,T32,32,0,0.06555,0.046729
Bank of Utah Championship,2026-10-01,winner,player_9d23808cb3ba,Kevin Roy,T32,32,0,0.01215,0.009346
Bank of Utah Championship,2026-10-01,top20,player_eb02078f5ec0,Davis Chatfield,CUT,,0,0.13375,0.186916
Bank of Utah Championship,2026-10-01,top10,player_eb02078f5ec0,Davis Chatfield,CUT,,0,0.05675,0.093458
Bank of Utah Championship,2026-10-01,top5,player_eb02078f5ec0,Davis Chatfield,CUT,,0,0.02335,0.046729
Bank of Utah Championship,2026-10-01,winner,player_eb02078f5ec0,Davis Chatfield,CUT,,0,0.00215,0.009346
Bank of Utah Championship,2026-10-01,top20,player_9392cb2f2b49,Sudarshan Yellamaraju,T45,45,0,0.27985,0.186916
Bank of Utah Championship,2026-10-01,top10,player_9392cb2f2b49,Sudarshan Yellamaraju,T45,45,0,0.1539,0.093458
Bank of Utah Championship,2026-10-01,top5,player_9392cb2f2b49,Sudarshan Yellamaraju,T45,45,0,0.0812,0.046729
Bank of Utah Championship,2026-10-01,winner,player_9392cb2f2b49,Sudarshan Yellamaraju,T45,45,0,0.01415,0.009346
Bank of Utah Championship,2026-10-01,top20,player_03dc2f083552,Nick Dunlap,T62,62,0,0.134,0.186916
Bank of Utah Championship,2026-10-01,top10,player_03dc2f083552,Nick Dunlap,T62,62,0,0.0682,0.093458
Bank of Utah Championship,2026-10-01,top5,player_03dc2f083552,Nick Dunlap,T62,62,0,0.0365,0.046729
Bank of Utah Championship,2026-10-01,winner,player_03dc2f083552,Nick Dunlap,T62,62,0,0.00615,0.009346
Bank of Utah Championship,2026-10-01,top20,player_e0008b7ad996,Adam Schenk,CUT,,0,0.1103,0.186916
Bank of Utah Championship,2026-10-01,top10,player_e0008b7ad996,Adam Schenk,CUT,,0,0.0531,0.093458
Bank of Utah Championship,2026-10-01,top5,player_e0008b7ad996,Adam Schenk,CUT,,0,0.0274,0.046729
Bank of Utah Championship,2026-10-01,winner,player_e0008b7ad996,Adam Schenk,CUT,,0,0.00445,0.009346
Bank of Utah Championship,2026-10-01,top20,player_90133d7a719d,Hank Lebioda,CUT,,0,0.1196,0.186916
Bank of Utah Championship,2026-10-01,top10,player_90133d7a719d,Hank Lebioda,CUT,,0,0.05385,0.093458
Bank of Utah Championship,2026-10-01,top5,player_90133d7a719d,Hank Lebioda,CUT,,0,0.02345,0.046729
Bank of Utah Championship,2026-10-01,winner,player_90133d7a719d,Hank Lebioda,CUT,,0,0.0029,0.009346
Bank of Utah Championship,2026-10-01,top20,player_c9c04c983191,Stephan Jaeger,T26,26,0,0.26485,0.186916
Bank of Utah Championship,2026-10-01,top10,player_c9c04c983191,Stephan Jaeger,T26,26,0,0.1495,0.093458
Bank of Utah Championship,2026-10-01,top5,player_c9c04c983191,Stephan Jaeger,T26,26,0,0.0838,0.046729
Bank of Utah Championship,2026-10-01,winner,player_c9c04c983191,Stephan Jaeger,T26,26,0,0.01585,0.009346
Bank of Utah Championship,2026-10-01,top20,player_1e7caff01985,Patrick Rodgers,T45,45,0,0.2105,0.186916
Bank of Utah Championship,2026-10-01,top10,player_1e7caff01985,Patrick Rodgers,T45,45,0,0.106,0.093458
Bank of Utah Championship,2026-10-01,top5,player_1e7caff01985,Patrick Rodgers,T45,45,0,0.05025,0.046729
Bank of Utah Championship,2026-10-01,winner,player_1e7caff01985,Patrick Rodgers,T45,45,0,0.0085,0.009346
Bank of Utah Championship,2026-10-01,top20,player_78660180567d,David Ford,T3,3,1,0.1841,0.186916
Bank of Utah Championship,2026-10-01,top10,player_78660180567d,David Ford,T3,3,1,0.09305,0.093458
Bank of Utah Championship,2026-10-01,top5,player_78660180567d,David Ford,T3,3,1,0.0447,0.046729
Bank of Utah Championship,2026-10-01,winner,player_78660180567d,David Ford,T3,3,0,0.00755,0.009346
Bank of Utah Championship,2026-10-01,top20,player_84034fe1ccde,Marco Penge,T68,68,0,0.1522,0.186916
Bank of Utah Championship,2026-10-01,top10,player_84034fe1ccde,Marco Penge,T68,68,0,0.0778,0.093458
Bank of Utah Championship,2026-10-01,top5,player_84034fe1ccde,Marco Penge,T68,68,0,0.04025,0.046729
Bank of Utah Championship,2026-10-01,winner,player_84034fe1ccde,Marco Penge,T68,68,0,0.00665,0.009346
Bank of Utah Championship,2026-10-01,top20,player_8b07acd249a9,Chandler Phillips,CUT,,0,0.1779,0.186916
Bank of Utah Championship,2026-10-01,top10,player_8b07acd249a9,Chandler Phillips,CUT,,0,0.0879,0.093458
Bank of Utah Championship,2026-10-01,top5,player_8b07acd249a9,Chandler Phillips,CUT,,0,0.04255,0.046729
Bank of Utah Championship,2026-10-01,winner,player_8b07acd249a9,Chandler Phillips,CUT,,0,0.0064,0.009346
Bank of Utah Championship,2026-10-01,top20,player_67ffdcb75526,Pontus Nyholm,CUT,,0,0.15105,0.186916
Bank of Utah Championship,2026-10-01,top10,player_67ffdcb75526,Pontus Nyholm,CUT,,0,0.0784,0.093458
Bank of Utah Championship,2026-10-01,top5,player_67ffdcb75526,Pontus Nyholm,CUT,,0,0.04165,0.046729
Bank of Utah Championship,2026-10-01,winner,player_67ffdcb75526,Pontus Nyholm,CUT,,0,0.00715,0.009346
Bank of Utah Championship,2026-10-01,top20,player_3ae027fb3466,Davis Riley,T45,45,0,0.12385,0.186916
Bank of Utah Championship,2026-10-01,top10,player_3ae027fb3466,Davis Riley,T45,45,0,0.0666,0.093458
Bank of Utah Championship,2026-10-01,top5,player_3ae027fb3466,Davis Riley,T45,45,0,0.03665,0.046729
Bank of Utah Championship,2026-10-01,winner,player_3ae027fb3466,Davis Riley,T45,45,0,0.0071,0.009346
Bank of Utah Championship,2026-10-01,top20,player_88180619ff60,Max Greyserman,CUT,,0,0.2629,0.186916
Bank of Utah Championship,2026-10-01,top10,player_88180619ff60,Max Greyserman,CUT,,0,0.146,0.093458
Bank of Utah Championship,2026-10-01,top5,player_88180619ff60,Max Greyserman,CUT,,0,0.0815,0.046729
Bank of Utah Championship,2026-10-01,winner,player_88180619ff60,Max Greyserman,CUT,,0,0.0167,0.009346
Bank of Utah Championship,2026-10-01,top20,player_82554f74c6d1,Mac Meissner,CUT,,0,0.2905,0.186916
Bank of Utah Championship,2026-10-01,top10,player_82554f74c6d1,Mac Meissner,CUT,,0,0.14885,0.093458
Bank of Utah Championship,2026-10-01,top5,player_82554f74c6d1,Mac Meissner,CUT,,0,0.0755,0.046729
Bank of Utah Championship,2026-10-01,winner,player_82554f74c6d1,Mac Meissner,CUT,,0,0.0105,0.009346
Bank of Utah Championship,2026-10-01,top20,player_60b323908d6b,Billy Horschel,T13,13,1,0.2023,0.186916
Bank of Utah Championship,2026-10-01,top10,player_60b323908d6b,Billy Horschel,T13,13,0,0.1067,0.093458
Bank of Utah Championship,2026-10-01,top5,player_60b323908d6b,Billy Horschel,T13,13,0,0.05375,0.046729
Bank of Utah Championship,2026-10-01,winner,player_60b323908d6b,Billy Horschel,T13,13,0,0.00925,0.009346
Bank of Utah Championship,2026-10-01,top20,player_023d400bdf88,Ben Silverman,CUT,,0,0.2324,0.186916
Bank of Utah Championship,2026-10-01,top10,player_023d400bdf88,Ben Silverman,CUT,,0,0.11485,0.093458
Bank of Utah Championship,2026-10-01,top5,player_023d400bdf88,Ben Silverman,CUT,,0,0.0557,0.046729
Bank of Utah Championship,2026-10-01,winner,player_023d400bdf88,Ben Silverman,CUT,,0,0.0089,0.009346
Bank of Utah Championship,2026-10-01,top20,player_2465d17cb457,Garrick Higgo,CUT,,0,0.1866,0.186916
Bank of Utah Championship,2026-10-01,top10,player_2465d17cb457,Garrick Higgo,CUT,,0,0.09865,0.093458
Bank of Utah Championship,2026-10-01,top5,player_2465d17cb457,Garrick Higgo,CUT,,0,0.0543,0.046729
Bank of Utah Championship,2026-10-01,winner,player_2465d17cb457,Garrick Higgo,CUT,,0,0.00975,0.009346
Bank of Utah Championship,2026-10-01,top20,player_61318b07bba1,Christiaan Bezuidenhout,T32,32,0,0.29185,0.186916
Bank of Utah Championship,2026-10-01,top10,player_61318b07bba1,Christiaan Bezuidenhout,T32,32,0,0.14565,0.093458
Bank of Utah Championship,2026-10-01,top5,player_61318b07bba1,Christiaan Bezuidenhout,T32,32,0,0.07145,0.046729
Bank of Utah Championship,2026-10-01,winner,player_61318b07bba1,Christiaan Bezuidenhout,T32,32,0,0.0089,0.009346
Bank of Utah Championship,2026-10-01,top20,player_20e8788d44ca,Max McGreevy,T26,26,0,0.2136,0.186916
Bank of Utah Championship,2026-10-01,top10,player_20e8788d44ca,Max McGreevy,T26,26,0,0.1069,0.093458
Bank of Utah Championship,2026-10-01,top5,player_20e8788d44ca,Max McGreevy,T26,26,0,0.0501,0.046729
Bank of Utah Championship,2026-10-01,winner,player_20e8788d44ca,Max McGreevy,T26,26,0,0.0064,0.009346
Bank of Utah Championship,2026-10-01,top20,player_110a2a42d7a6,Joe Highsmith,CUT,,0,0.09635,0.186916
Bank of Utah Championship,2026-10-01,top10,player_110a2a42d7a6,Joe Highsmith,CUT,,0,0.0434,0.093458
Bank of Utah Championship,2026-10-01,top5,player_110a2a42d7a6,Joe Highsmith,CUT,,0,0.0216,0.046729
Bank of Utah Championship,2026-10-01,winner,player_110a2a42d7a6,Joe Highsmith,CUT,,0,0.00255,0.009346
Bank of Utah Championship,2026-10-01,top20,player_b45074e76543,John Parry,T59,59,0,0.21625,0.186916
Bank of Utah Championship,2026-10-01,top10,player_b45074e76543,John Parry,T59,59,0,0.1093,0.093458
Bank of Utah Championship,2026-10-01,top5,player_b45074e76543,John Parry,T59,59,0,0.05625,0.046729
Bank of Utah Championship,2026-10-01,winner,player_b45074e76543,John Parry,T59,59,0,0.00865,0.009346
Bank of Utah Championship,2026-10-01,top20,player_3bc0de423c2e,David Lipsky,T26,26,0,0.16575,0.186916
Bank of Utah Championship,2026-10-01,top10,player_3bc0de423c2e,David Lipsky,T26,26,0,0.08075,0.093458
Bank of Utah Championship,2026-10-01,top5,player_3bc0de423c2e,David Lipsky,T26,26,0,0.0381,0.046729
Bank of Utah Championship,2026-10-01,winner,player_3bc0de423c2e,David Lipsky,T26,26,0,0.00575,0.009346
Bank of Utah Championship,2026-10-01,top20,player_d27846b104ce,Tony Finau,CUT,,0,0.2373,0.186916
Bank of Utah Championship,2026-10-01,top10,player_d27846b104ce,Tony Finau,CUT,,0,0.1312,0.093458
Bank of Utah Championship,2026-10-01,top5,player_d27846b104ce,Tony Finau,CUT,,0,0.06905,0.046729
Bank of Utah Championship,2026-10-01,winner,player_d27846b104ce,Tony Finau,CUT,,0,0.01315,0.009346
Bank of Utah Championship,2026-10-01,top20,player_ff3612e699ba,Trace Crowe,T3,3,1,0.1624,0.186916
Bank of Utah Championship,2026-10-01,top10,player_ff3612e699ba,Trace Crowe,T3,3,1,0.07515,0.093458
Bank of Utah Championship,2026-10-01,top5,player_ff3612e699ba,Trace Crowe,T3,3,1,0.03465,0.046729
Bank of Utah Championship,2026-10-01,winner,player_ff3612e699ba,Trace Crowe,T3,3,0,0.00415,0.009346
Bank of Utah Championship,2026-10-01,top20,player_d2e20142915d,Isaiah Salinda,CUT,,0,0.13655,0.186916
Bank of Utah Championship,2026-10-01,top10,player_d2e20142915d,Isaiah Salinda,CUT,,0,0.0637,0.093458
Bank of Utah Championship,2026-10-01,top5,player_d2e20142915d,Isaiah Salinda,CUT,,0,0.0307,0.046729
Bank of Utah Championship,2026-10-01,winner,player_d2e20142915d,Isaiah Salinda,CUT,,0,0.0043,0.009346
Bank of Utah Championship,2026-10-01,top20,player_c36df57b3fda,Rafael Campos,CUT,,0,0.0698,0.186916
Bank of Utah Championship,2026-10-01,top10,player_c36df57b3fda,Rafael Campos,CUT,,0,0.02995,0.093458
Bank of Utah Championship,2026-10-01,top5,player_c36df57b3fda,Rafael Campos,CUT,,0,0.01295,0.046729
Bank of Utah Championship,2026-10-01,winner,player_c36df57b3fda,Rafael Campos,CUT,,0,0.0021,0.009346
Bank of Utah Championship,2026-10-01,top20,player_265836f07d8f,Beau Hossler,T53,53,0,0.2612,0.186916
Bank of Utah Championship,2026-10-01,top10,player_265836f07d8f,Beau Hossler,T53,53,0,0.14035,0.093458
Bank of Utah Championship,2026-10-01,top5,player_265836f07d8f,Beau Hossler,T53,53,0,0.07215,0.046729
Bank of Utah Championship,2026-10-01,winner,player_265836f07d8f,Beau Hossler,T53,53,0,0.0132,0.009346
Bank of Utah Championship,2026-10-01,top20,player_c987a7bf4538,Chad Ramey,T40,40,0,0.19615,0.186916
Bank of Utah Championship,2026-10-01,top10,player_c987a7bf4538,Chad Ramey,T40,40,0,0.0993,0.093458
Bank of Utah Championship,2026-10-01,top5,player_c987a7bf4538,Chad Ramey,T40,40,0,0.0479,0.046729
Bank of Utah Championship,2026-10-01,winner,player_c987a7bf4538,Chad Ramey,T40,40,0,0.00695,0.009346
Bank of Utah Championship,2026-10-01,top20,player_21b856c4e4b5,Alejandro Tosti,T13,13,1,0.121,0.186916
Bank of Utah Championship,2026-10-01,top10,player_21b856c4e4b5,Alejandro Tosti,T13,13,0,0.0608,0.093458
Bank of Utah Championship,2026-10-01,top5,player_21b856c4e4b5,Alejandro Tosti,T13,13,0,0.03045,0.046729
Bank of Utah Championship,2026-10-01,winner,player_21b856c4e4b5,Alejandro Tosti,T13,13,0,0.00525,0.009346
Bank of Utah Championship,2026-10-01,top20,player_860c48d1d1e3,William Mouw,T32,32,0,0.24405,0.186916
Bank of Utah Championship,2026-10-01,top10,player_860c48d1d1e3,William Mouw,T32,32,0,0.1338,0.093458
Bank of Utah Championship,2026-10-01,top5,player_860c48d1d1e3,William Mouw,T32,32,0,0.07475,0.046729
Bank of Utah Championship,2026-10-01,winner,player_860c48d1d1e3,William Mouw,T32,32,0,0.01275,0.009346
Bank of Utah Championship,2026-10-01,top20,player_286ea461e9e9,Zach J. Johnson,CUT,,0,0.1951,0.186916
Bank of Utah Championship,2026-10-01,top10,player_286ea461e9e9,Zach J. Johnson,CUT,,0,0.10465,0.093458
Bank of Utah Championship,2026-10-01,top5,player_286ea461e9e9,Zach J. Johnson,CUT,,0,0.0556,0.046729
Bank of Utah Championship,2026-10-01,winner,player_286ea461e9e9,Zach J. Johnson,CUT,,0,0.0093,0.009346
Bank of Utah Championship,2026-10-01,top20,player_95db4ba23add,Christo Lamprecht,CUT,,0,0.06195,0.186916
Bank of Utah Championship,2026-10-01,top10,player_95db4ba23add,Christo Lamprecht,CUT,,0,0.0278,0.093458
Bank of Utah Championship,2026-10-01,top5,player_95db4ba23add,Christo Lamprecht,CUT,,0,0.0121,0.046729
Bank of Utah Championship,2026-10-01,winner,player_95db4ba23add,Christo Lamprecht,CUT,,0,0.0019,0.009346
Bank of Utah Championship,2026-10-01,top20,player_64712c87d31b,Patton Kizzire,T45,45,0,0.11275,0.186916
Bank of Utah Championship,2026-10-01,top10,player_64712c87d31b,Patton Kizzire,T45,45,0,0.05065,0.093458
Bank of Utah Championship,2026-10-01,top5,player_64712c87d31b,Patton Kizzire,T45,45,0,0.025,0.046729
Bank of Utah Championship,2026-10-01,winner,player_64712c87d31b,Patton Kizzire,T45,45,0,0.0041,0.009346
Bank of Utah Championship,2026-10-01,top20,player_c1486bcfc002,Nick Taylor,T53,53,0,0.25055,0.186916
Bank of Utah Championship,2026-10-01,top10,player_c1486bcfc002,Nick Taylor,T53,53,0,0.1344,0.093458
Bank of Utah Championship,2026-10-01,top5,player_c1486bcfc002,Nick Taylor,T53,53,0,0.0699,0.046729
Bank of Utah Championship,2026-10-01,winner,player_c1486bcfc002,Nick Taylor,T53,53,0,0.01145,0.009346
Bank of Utah Championship,2026-10-01,top20,player_e6415e3205b9,Jesper Svensson,T53,53,0,0.26125,0.186916
Bank of Utah Championship,2026-10-01,top10,player_e6415e3205b9,Jesper Svensson,T53,53,0,0.15395,0.093458
Bank of Utah Championship,2026-10-01,top5,player_e6415e3205b9,Jesper Svensson,T53,53,0,0.0923,0.046729
Bank of Utah Championship,2026-10-01,winner,player_e6415e3205b9,Jesper Svensson,T53,53,0,0.0225,0.009346
Bank of Utah Championship,2026-10-01,top20,player_408e6efcf4db,Brice Garnett,T45,45,0,0.1466,0.186916
Bank of Utah Championship,2026-10-01,top10,player_408e6efcf4db,Brice Garnett,T45,45,0,0.0672,0.093458
Bank of Utah Championship,2026-10-01,top5,player_408e6efcf4db,Brice Garnett,T45,45,0,0.03205,0.046729
Bank of Utah Championship,2026-10-01,winner,player_408e6efcf4db,Brice Garnett,T45,45,0,0.00465,0.009346
Bank of Utah Championship,2026-10-01,top20,player_0a07a1360b36,Cam Davis,CUT,,0,0.1158,0.186916
Bank of Utah Championship,2026-10-01,top10,player_0a07a1360b36,Cam Davis,CUT,,0,0.06085,0.093458
Bank of Utah Championship,2026-10-01,top5,player_0a07a1360b36,Cam Davis,CUT,,0,0.0308,0.046729
Bank of Utah Championship,2026-10-01,winner,player_0a07a1360b36,Cam Davis,CUT,,0,0.00575,0.009346
Bank of Utah Championship,2026-10-01,top20,player_current_3c7fd3f98d63,"Ventura, Kristoffer",T32,32,0,0.19635,0.186916
Bank of Utah Championship,2026-10-01,top10,player_current_3c7fd3f98d63,"Ventura, Kristoffer",T32,32,0,0.10325,0.093458
Bank of Utah Championship,2026-10-01,top5,player_current_3c7fd3f98d63,"Ventura, Kristoffer",T32,32,0,0.0545,0.046729
Bank of Utah Championship,2026-10-01,winner,player_current_3c7fd3f98d63,"Ventura, Kristoffer",T32,32,0,0.01075,0.009346
Bank of Utah Championship,2026-10-01,top20,player_aabbaab753db,Takumi Kanaya,T26,26,0,0.20705,0.186916
Bank of Utah Championship,2026-10-01,top10,player_aabbaab753db,Takumi Kanaya,T26,26,0,0.10315,0.093458
Bank of Utah Championship,2026-10-01,top5,player_aabbaab753db,Takumi Kanaya,T26,26,0,0.0486,0.046729
Bank of Utah Championship,2026-10-01,winner,player_aabbaab753db,Takumi Kanaya,T26,26,0,0.00685,0.009346
Bank of Utah Championship,2026-10-01,top20,player_23ed12cb100f,Kensei Hirata,CUT,,0,0.10495,0.186916
Bank of Utah Championship,2026-10-01,top10,player_23ed12cb100f,Kensei Hirata,CUT,,0,0.0469,0.093458
Bank of Utah Championship,2026-10-01,top5,player_23ed12cb100f,Kensei Hirata,CUT,,0,0.01995,0.046729
Bank of Utah Championship,2026-10-01,winner,player_23ed12cb100f,Kensei Hirata,CUT,,0,0.00175,0.009346
Bank of Utah Championship,2026-10-01,top20,player_59d802ba1c92,Austin Smotherman,1,1,1,0.18435,0.186916
Bank of Utah Championship,2026-10-01,top10,player_59d802ba1c92,Austin Smotherman,1,1,1,0.0927,0.093458
Bank of Utah Championship,2026-10-01,top5,player_59d802ba1c92,Austin Smotherman,1,1,1,0.04565,0.046729
Bank of Utah Championship,2026-10-01,winner,player_59d802ba1c92,Austin Smotherman,1,1,1,0.00705,0.009346
Bank of Utah Championship,2026-10-01,top20,player_ff95fbd74f4e,Lee Hodges,T13,13,1,0.2292,0.186916
Bank of Utah Championship,2026-10-01,top10,player_ff95fbd74f4e,Lee Hodges,T13,13,0,0.11835,0.093458
Bank of Utah Championship,2026-10-01,top5,player_ff95fbd74f4e,Lee Hodges,T13,13,0,0.0606,0.046729
Bank of Utah Championship,2026-10-01,winner,player_ff95fbd74f4e,Lee Hodges,T13,13,0,0.00935,0.009346
Bank of Utah Championship,2026-10-01,top20,player_55fed4579614,Patrick Fishburn,T32,32,0,0.2122,0.186916
Bank of Utah Championship,2026-10-01,top10,player_55fed4579614,Patrick Fishburn,T32,32,0,0.1084,0.093458
Bank of Utah Championship,2026-10-01,top5,player_55fed4579614,Patrick Fishburn,T32,32,0,0.05275,0.046729
Bank of Utah Championship,2026-10-01,winner,player_55fed4579614,Patrick Fishburn,T32,32,0,0.00735,0.009346
Bank of Utah Championship,2026-10-01,top20,player_0a2adde1ea24,Emiliano Grillo,T43,43,0,0.2339,0.186916
Bank of Utah Championship,2026-10-01,top10,player_0a2adde1ea24,Emiliano Grillo,T43,43,0,0.1256,0.093458
Bank of Utah Championship,2026-10-01,top5,player_0a2adde1ea24,Emiliano Grillo,T43,43,0,0.06785,0.046729
Bank of Utah Championship,2026-10-01,winner,player_0a2adde1ea24,Emiliano Grillo,T43,43,0,0.0127,0.009346
Bank of Utah Championship,2026-10-01,top20,player_bfdeb907547f,David Lingmerth,CUT,,0,0.1411,0.186916
Bank of Utah Championship,2026-10-01,top10,player_bfdeb907547f,David Lingmerth,CUT,,0,0.071,0.093458
Bank of Utah Championship,2026-10-01,top5,player_bfdeb907547f,David Lingmerth,CUT,,0,0.0364,0.046729
Bank of Utah Championship,2026-10-01,winner,player_bfdeb907547f,David Lingmerth,CUT,,0,0.00625,0.009346
Bank of Utah Championship,2026-10-01,top20,player_b7f36c99979e,Lucas Glover,CUT,,0,0.20295,0.186916
Bank of Utah Championship,2026-10-01,top10,player_b7f36c99979e,Lucas Glover,CUT,,0,0.1091,0.093458
Bank of Utah Championship,2026-10-01,top5,player_b7f36c99979e,Lucas Glover,CUT,,0,0.05525,0.046729
Bank of Utah Championship,2026-10-01,winner,player_b7f36c99979e,Lucas Glover,CUT,,0,0.00935,0.009346
Bank of Utah Championship,2026-10-01,top20,player_ceadfc0d3b17,David Skinns,CUT,,0,0.1736,0.186916
Bank of Utah Championship,2026-10-01,top10,player_ceadfc0d3b17,David Skinns,CUT,,0,0.0875,0.093458
Bank of Utah Championship,2026-10-01,top5,player_ceadfc0d3b17,David Skinns,CUT,,0,0.04355,0.046729
Bank of Utah Championship,2026-10-01,winner,player_ceadfc0d3b17,David Skinns,CUT,,0,0.00615,0.009346
Bank of Utah Championship,2026-10-01,top20,player_6eab2df2427b,Matthieu Pavon,T53,53,0,0.12835,0.186916
Bank of Utah Championship,2026-10-01,top10,player_6eab2df2427b,Matthieu Pavon,T53,53,0,0.0584,0.093458
Bank of Utah Championship,2026-10-01,top5,player_6eab2df2427b,Matthieu Pavon,T53,53,0,0.02645,0.046729
Bank of Utah Championship,2026-10-01,winner,player_6eab2df2427b,Matthieu Pavon,T53,53,0,0.0033,0.009346
Bank of Utah Championship,2026-10-01,top20,player_da8b3fda00c3,Luke Clanton,T7,7,1,0.1287,0.186916
Bank of Utah Championship,2026-10-01,top10,player_da8b3fda00c3,Luke Clanton,T7,7,1,0.0602,0.093458
Bank of Utah Championship,2026-10-01,top5,player_da8b3fda00c3,Luke Clanton,T7,7,0,0.0283,0.046729
Bank of Utah Championship,2026-10-01,winner,player_da8b3fda00c3,Luke Clanton,T7,7,0,0.00355,0.009346
Bank of Utah Championship,2026-10-01,top20,player_9468f68da117,Adam Svensson,T59,59,0,0.1895,0.186916
Bank of Utah Championship,2026-10-01,top10,player_9468f68da117,Adam Svensson,T59,59,0,0.09075,0.093458
Bank of Utah Championship,2026-10-01,top5,player_9468f68da117,Adam Svensson,T59,59,0,0.04535,0.046729
Bank of Utah Championship,2026-10-01,winner,player_9468f68da117,Adam Svensson,T59,59,0,0.0073,0.009346
Bank of Utah Championship,2026-10-01,top20,player_2b9385900ddc,Jordan Smith,T26,26,0,0.22475,0.186916
Bank of Utah Championship,2026-10-01,top10,player_2b9385900ddc,Jordan Smith,T26,26,0,0.1163,0.093458
Bank of Utah Championship,2026-10-01,top5,player_2b9385900ddc,Jordan Smith,T26,26,0,0.0612,0.046729
Bank of Utah Championship,2026-10-01,winner,player_2b9385900ddc,Jordan Smith,T26,26,0,0.01105,0.009346
Bank of Utah Championship,2026-10-01,top20,player_a809c0357fb3,Eric Cole,T65,65,0,0.3066,0.186916
Bank of Utah Championship,2026-10-01,top10,player_a809c0357fb3,Eric Cole,T65,65,0,0.1881,0.093458
Bank of Utah Championship,2026-10-01,top5,player_a809c0357fb3,Eric Cole,T65,65,0,0.1095,0.046729
Bank of Utah Championship,2026-10-01,winner,player_a809c0357fb3,Eric Cole,T65,65,0,0.0249,0.009346
Bank of Utah Championship,2026-10-01,top20,player_b5deb1df1be8,Michael Thompson,CUT,,0,0.1976,0.186916
Bank of Utah Championship,2026-10-01,top10,player_b5deb1df1be8,Michael Thompson,CUT,,0,0.10215,0.093458
Bank of Utah Championship,2026-10-01,top5,player_b5deb1df1be8,Michael Thompson,CUT,,0,0.05195,0.046729
Bank of Utah Championship,2026-10-01,winner,player_b5deb1df1be8,Michael Thompson,CUT,,0,0.00795,0.009346
Bank of Utah Championship,2026-10-01,top20,player_7aefa7b3ccbd,Mark Hubbard,T45,45,0,0.20405,0.186916
Bank of Utah Championship,2026-10-01,top10,player_7aefa7b3ccbd,Mark Hubbard,T45,45,0,0.10235,0.093458
Bank of Utah Championship,2026-10-01,top5,player_7aefa7b3ccbd,Mark Hubbard,T45,45,0,0.05255,0.046729
Bank of Utah Championship,2026-10-01,winner,player_7aefa7b3ccbd,Mark Hubbard,T45,45,0,0.00795,0.009346
Bank of Utah Championship,2026-10-01,top20,player_a1b0809e6244,Matt McCarty,T53,53,0,0.26035,0.186916
Bank of Utah Championship,2026-10-01,top10,player_a1b0809e6244,Matt McCarty,T53,53,0,0.152,0.093458
Bank of Utah Championship,2026-10-01,top5,player_a1b0809e6244,Matt McCarty,T53,53,0,0.0882,0.046729
Bank of Utah Championship,2026-10-01,winner,player_a1b0809e6244,Matt McCarty,T53,53,0,0.01725,0.009346
Bank of Utah Championship,2026-10-01,top20,player_1557a0392ccd,Dylan Wu,T32,32,0,0.1581,0.186916
Bank of Utah Championship,2026-10-01,top10,player_1557a0392ccd,Dylan Wu,T32,32,0,0.07005,0.093458
Bank of Utah Championship,2026-10-01,top5,player_1557a0392ccd,Dylan Wu,T32,32,0,0.03065,0.046729
Bank of Utah Championship,2026-10-01,winner,player_1557a0392ccd,Dylan Wu,T32,32,0,0.00335,0.009346
Bank of Utah Championship,2026-10-01,top20,player_0fbfe1607b36,Jackson Suber,T40,40,0,0.23675,0.186916
Bank of Utah Championship,2026-10-01,top10,player_0fbfe1607b36,Jackson Suber,T40,40,0,0.1401,0.093458
Bank of Utah Championship,2026-10-01,top5,player_0fbfe1607b36,Jackson Suber,T40,40,0,0.0829,0.046729
Bank of Utah Championship,2026-10-01,winner,player_0fbfe1607b36,Jackson Suber,T40,40,0,0.0174,0.009346
Bank of Utah Championship,2026-10-01,top20,player_f6b61f5c6188,Kihei Akina (a),9,9,1,0.1895,0.186916
Bank of Utah Championship,2026-10-01,top10,player_f6b61f5c6188,Kihei Akina (a),9,9,1,0.10055,0.093458
Bank of Utah Championship,2026-10-01,top5,player_f6b61f5c6188,Kihei Akina (a),9,9,0,0.0518,0.046729
Bank of Utah Championship,2026-10-01,winner,player_f6b61f5c6188,Kihei Akina (a),9,9,0,0.0095,0.009346
Bank of Utah Championship,2026-10-01,top20,player_4d5008fab638,Séamus Power,T21,21,0,0.24165,0.186916
Bank of Utah Championship,2026-10-01,top10,player_4d5008fab638,Séamus Power,T21,21,0,0.12835,0.093458
Bank of Utah Championship,2026-10-01,top5,player_4d5008fab638,Séamus Power,T21,21,0,0.0645,0.046729
Bank of Utah Championship,2026-10-01,winner,player_4d5008fab638,Séamus Power,T21,21,0,0.00935,0.009346
Bank of Utah Championship,2026-10-01,top20,player_0512c71e44de,Ben Kohles,T13,13,1,0.24205,0.186916
Bank of Utah Championship,2026-10-01,top10,player_0512c71e44de,Ben Kohles,T13,13,0,0.12595,0.093458
Bank of Utah Championship,2026-10-01,top5,player_0512c71e44de,Ben Kohles,T13,13,0,0.06385,0.046729
Bank of Utah Championship,2026-10-01,winner,player_0512c71e44de,Ben Kohles,T13,13,0,0.009,0.009346
Bank of Utah Championship,2026-10-01,top20,player_6542d2a14e7d,Rico Hoey,T10,10,1,0.27015,0.186916
Bank of Utah Championship,2026-10-01,top10,player_6542d2a14e7d,Rico Hoey,T10,10,1,0.1484,0.093458
Bank of Utah Championship,2026-10-01,top5,player_6542d2a14e7d,Rico Hoey,T10,10,0,0.07925,0.046729
Bank of Utah Championship,2026-10-01,winner,player_6542d2a14e7d,Rico Hoey,T10,10,0,0.0135,0.009346
Bank of Utah Championship,2026-10-01,top20,player_5da38bc9f148,Joel Dahmen,T62,62,0,0.17335,0.186916
Bank of Utah Championship,2026-10-01,top10,player_5da38bc9f148,Joel Dahmen,T62,62,0,0.08625,0.093458
Bank of Utah Championship,2026-10-01,top5,player_5da38bc9f148,Joel Dahmen,T62,62,0,0.0435,0.046729
Bank of Utah Championship,2026-10-01,winner,player_5da38bc9f148,Joel Dahmen,T62,62,0,0.00675,0.009346
