player_id,player_name,entry_status
player_16cdf93b33fd,A.J. Ewart,confirmed
,Aaron Rai,confirmed
,Aaron Wise,confirmed
,Adam Schenk,confirmed
,Adam Svensson,confirmed
,Adrien Dumont De Chassart,confirmed
,Adrien Saddier,confirmed
,Aldrich Potgieter,confirmed
,Alejandro Tosti,confirmed
,Alex Fitzpatrick,confirmed
,Alex Noren,confirmed
,Alex Smalley,confirmed
,Andrew Novak,confirmed
,Andrew Putnam,confirmed
,Austin Eckroat,confirmed
,Austin Smotherman,confirmed
,Beau Hossler,confirmed
,Ben Griffin,confirmed
,Ben James,confirmed
,Ben Kohles,confirmed
,Ben Silverman,confirmed
,Billy Horschel,confirmed
player_ef22f3720535,Blades Brown,confirmed
,Brandt Snedeker,confirmed
,Brian Campbell,confirmed
,Brian Harman,confirmed
,Brice Garnett,confirmed
,Brooks Koepka,confirmed
,Bud Cauley,confirmed
,CT Pan,confirmed
,Cam Davis,confirmed
,Cameron Young,confirmed
,Camilo Villegas,confirmed
,Chad Ramey,confirmed
,Chandler Blanchet,confirmed
,Chandler Phillips,confirmed
,Chris Kirk,confirmed
,Christiaan Bezuidenhout,confirmed
player_95db4ba23add,Christo Lamprecht,confirmed
,Cooper Hrabak,confirmed
,Danny Walker,confirmed
,David Lipsky,confirmed
,Davis Chatfield,confirmed
,Davis Riley,confirmed
,Davis Thompson,confirmed
,Denny McCarthy,confirmed
,Doug Ghim,confirmed
,Dylan Wu,confirmed
,Emiliano Grillo,confirmed
,Eric Cole,confirmed
,Erik Van Rooyen,confirmed
player_fde40a6f682c,Gordon Sargent,confirmed
,Hank Lebioda,confirmed
,Haotong Li,confirmed
,Harris English,confirmed
,Harry Hall,confirmed
,Hayden Springer,confirmed
,Hideki Matsuyama,confirmed
,JT Poston,confirmed
,Jackson Koivun,confirmed
,Jackson Suber,confirmed
,Jason Day,confirmed
,Jeffrey Kang,confirmed
,Jesper Svensson,confirmed
,Joe Highsmith,confirmed
,Joel Dahmen,confirmed
,John Parry,confirmed
,John VanDerLaan,confirmed
,Johnny Keefer,confirmed
,Jordan Smith,confirmed
,Jordan Spieth,confirmed
,Justin Lower,confirmed
,Justin Thomas,confirmed
player_a21d2a9d7e56,Karl Vilips,confirmed
,Keegan Bradley,confirmed
,Keenan Huskey,confirmed
,Keith Mitchell,confirmed
,Kensei Hirata,confirmed
,Kevin Roy,confirmed
,Kevin Streelman,confirmed
,Kevin Yu,confirmed
,Kihei Akina,confirmed
,Kristoffer Ventura,confirmed
,Lanto Griffin,confirmed
,Lee Hodges,confirmed
,Lorenzo Rodriguez,confirmed
,Lucas Glover,confirmed
player_da8b3fda00c3,Luke Clanton,confirmed
,Luke List,confirmed
,Mac Meissner,confirmed
,Mackenzie Hughes,confirmed
,Marcelo Rozo,confirmed
,Marco Penge,confirmed
,Mark Hubbard,confirmed
,Matt Kuchar,confirmed
,Matt McCarty,confirmed
,Matt Wallace,confirmed
,Matthieu Pavon,confirmed
,Matti Schmid,confirmed
,Maverick McNealy,confirmed
,Max Greyserman,confirmed
,Max McGreevy,confirmed
player_816ae5b83710,Michael Brennan,confirmed
,Michael Kim,confirmed
,Neal Shipley,confirmed
,Nick Dunlap,confirmed
,Nick Taylor,confirmed
,Nico Echavarria,confirmed
,Patrick Fishburn,confirmed
,Patrick Rodgers,confirmed
,Patton Kizzire,confirmed
,Peter Malnati,confirmed
,Pierceson Coody,confirmed
,Pontus Nyholm,confirmed
,Rafael Campos,confirmed
,Rasmus Hojgaard,confirmed
,Rasmus Neergaard-Petersen,confirmed
,Ricky Castillo,confirmed
,Rico Hoey,confirmed
,Ryan Gerard,confirmed
,Ryo Hisatsune,confirmed
,Sahith Theegala,confirmed
,Sam Stevens,confirmed
,Seamus Power,confirmed
,Sepp Straka,confirmed
,Stefano Mazzoli,confirmed
,Stephen Jaeger,confirmed
,Steven Fisk,confirmed
,Sungjae Im,confirmed
,Takumi Kanaya,confirmed
,Taylor Pendrith,confirmed
,Thorbjorn Olesen,confirmed
,Tom Hoge,confirmed
,Tom Kim,confirmed
,Tony Finau,confirmed
,Trace Crowe,confirmed
,Tyler Collet,confirmed
,Vince Whaley,confirmed
,Webb Simpson,confirmed
,William McGirt,confirmed
,William Mouw,confirmed
,Zac Blair,confirmed
,Zach Bauchou,confirmed
,Zecheng Dou,confirmed
