course_id,source,source_course_id,course_name,location,country,par,yardage,grass_type,latitude,longitude,created_at_utc
course_826efaaed616,espn_kaggle,"Omni Tucson National Golf Resort and Spa - Tucson, AZ","Omni Tucson National Golf Resort and Spa - Tucson, AZ",,,,,,,,
course_b02da7dede4f,espn_kaggle,"Kapalua Resort (Plantation Course) - Kapalua, HI","Kapalua Resort (Plantation Course) - Kapalua, HI",,,,,,,,
course_1ad2bf5b0889,espn_kaggle,"Waialae Country Club - Honolulu, HI","Waialae Country Club - Honolulu, HI",,,,,,,,
course_591389619c0d,espn_kaggle,"TPC Scottsdale (Stadium Course) - Scottsdale, AZ","TPC Scottsdale (Stadium Course) - Scottsdale, AZ",,,,,,,,
course_311f5e48ca40,espn_kaggle,"Spyglass Hill GC - Pebble Beach, CA","Spyglass Hill GC - Pebble Beach, CA",,,,,,,,
course_45b2fc5d7f1b,espn_kaggle,"Torrey Pines (North Course) - La Jolla, CA","Torrey Pines (North Course) - La Jolla, CA",,,,,,,,
course_be1daeb948f6,espn_kaggle,"PGA West Palmer Course - La Quinta, CA","PGA West Palmer Course - La Quinta, CA",,,,,,,,
course_1c094a6a2f0e,espn_kaggle,"Riviera Country Club - Pacific Palisades, CA","Riviera Country Club - Pacific Palisades, CA",,,,,,,,
course_eb9197e2ae8a,espn_kaggle,"Trump National Doral Golf Course - Doral, FL","Trump National Doral Golf Course - Doral, FL",,,,,,,,
course_0eeb4a808e3f,espn_kaggle,Unknown Course - Honda Classic,Unknown Course - Honda Classic,,,,,,,,
course_3cbc3019f3ac,espn_kaggle,"Arnold Palmer's Bay Hill Club & Lodge - Orlando, FL","Arnold Palmer's Bay Hill Club & Lodge - Orlando, FL",,,,,,,,
course_a4acfae1373e,espn_kaggle,"TPC Sawgrass (THE PLAYERS Stadium Course) - Ponte Vedra Beach, FL","TPC Sawgrass (THE PLAYERS Stadium Course) - Ponte Vedra Beach, FL",,,,,,,,
course_549dd2a781c3,espn_kaggle,"TPC Sugarloaf - Duluth, GA","TPC Sugarloaf - Duluth, GA",,,,,,,,
course_ed3b768f02c8,espn_kaggle,"Augusta National Golf Club - Augusta, GA","Augusta National Golf Club - Augusta, GA",,,,,,,,
course_b3b6f70ed395,espn_kaggle,"Harbour Town Golf Links - Hilton Head Island, SC","Harbour Town Golf Links - Hilton Head Island, SC",,,,,,,,
course_617c6bb42aab,espn_kaggle,Unknown Course - Shell Houston Open,Unknown Course - Shell Houston Open,,,,,,,,
course_52078b870da2,espn_kaggle,"Forest Oaks - Greensboro, NC","Forest Oaks - Greensboro, NC",,,,,,,,
course_d45179417d7a,espn_kaggle,"English Turn - New Orleans, LA","English Turn - New Orleans, LA",,,,,,,,
course_ccf2cc567dcf,espn_kaggle,"TPC Four Seasons Resort - Irving, TX","TPC Four Seasons Resort - Irving, TX",,,,,,,,
course_015fd3cd6c4a,espn_kaggle,"Colonial Country Club - Fort Worth, TX","Colonial Country Club - Fort Worth, TX",,,,,,,,
course_652cc01af500,espn_kaggle,"TPC Potomac at Avenel Farm - Potomac, MD","TPC Potomac at Avenel Farm - Potomac, MD",,,,,,,,
course_42afa4ef2f38,espn_kaggle,"Muirfield Village Golf Club - Dublin, OH","Muirfield Village Golf Club - Dublin, OH",,,,,,,,
course_5cdce098e239,espn_kaggle,"TPC Southwind - Memphis, TN","TPC Southwind - Memphis, TN",,,,,,,,
course_f7b1b913bf14,espn_kaggle,Unknown Course - U.S. Open Championship,Unknown Course - U.S. Open Championship,,,,,,,,
course_4c1ccd46c234,espn_kaggle,"Westchester CC - Harrison, NY","Westchester CC - Harrison, NY",,,,,,,,
course_8b59744add36,espn_kaggle,"TPC River Highlands - Cromwell, CT","TPC River Highlands - Cromwell, CT",,,,,,,,
course_7e318f62c5e3,espn_kaggle,"Cog Hill G&CC - Lemont, IL","Cog Hill G&CC - Lemont, IL",,,,,,,,
course_4aaa6fdde1a8,espn_kaggle,"Brown Deer Park GC - Milwaukee, WI","Brown Deer Park GC - Milwaukee, WI",,,,,,,,
course_2da79764dd44,espn_kaggle,"En-Joie GC - Endicott, NY","En-Joie GC - Endicott, NY",,,,,,,,
course_7fb7ec68f2a1,espn_kaggle,Unknown Course - British Open Championship,Unknown Course - British Open Championship,,,,,,,,
course_dffa95c17d15,espn_kaggle,"TPC Deere Run - Silvis, IL","TPC Deere Run - Silvis, IL",,,,,,,,
course_2f6c8afb7efa,espn_kaggle,"Warwick Hills G&CC - Grand Blanc, MI","Warwick Hills G&CC - Grand Blanc, MI",,,,,,,,
course_a0b24d33924e,espn_kaggle,Unknown Course - PGA Championship,Unknown Course - PGA Championship,,,,,,,,
course_10a2d4e905ec,espn_kaggle,"Montreux G&CC - Reno, NV","Montreux G&CC - Reno, NV",,,,,,,,
course_d910ed03b3f0,espn_kaggle,"Firestone CC (South Course) - Akron, OH","Firestone CC (South Course) - Akron, OH",,,,,,,,
course_faa11e724f72,espn_kaggle,Unknown Course - Air Canada Championship,Unknown Course - Air Canada Championship,,,,,,,,
course_49248d6be78b,espn_kaggle,"The Royal Montreal Golf Club - Ile Bizard, PQ","The Royal Montreal Golf Club - Ile Bizard, PQ",,,,,,,,
course_812a4ec45594,espn_kaggle,"Innisbrook Resort (Copperhead Course) - Palm Harbor, FL","Innisbrook Resort (Copperhead Course) - Palm Harbor, FL",,,,,,,,
course_d46653f95c27,espn_kaggle,Unknown Course - WGC-American Express Championship,Unknown Course - WGC-American Express Championship,,,,,,,,
course_58134810e305,espn_kaggle,Unknown Course - Marconi Pennsylvania Classic,Unknown Course - Marconi Pennsylvania Classic,,,,,,,,
course_e2e9f777a095,espn_kaggle,"LaCantera GC - San Antonio, TX","LaCantera GC - San Antonio, TX",,,,,,,,
course_d37cf8292848,espn_kaggle,Unknown Course - Michelob Championship at Kingsmill,Unknown Course - Michelob Championship at Kingsmill,,,,,,,,
course_15a72fce9cc6,espn_kaggle,"TPC Summerlin - Las Vegas, NV","TPC Summerlin - Las Vegas, NV",,,,,,,,
course_ec127b301616,espn_kaggle,"Magnolia GC - Lake Buena Vista, FL","Magnolia GC - Lake Buena Vista, FL",,,,,,,,
course_246aacbdbf3b,espn_kaggle,Unknown Course - Buick Challenge,Unknown Course - Buick Challenge,,,,,,,,
course_38dda7832edb,espn_kaggle,"Annandale GC - Madison, MS","Annandale GC - Madison, MS",,,,,,,,
course_346a717359b4,espn_kaggle,Unknown Course - THE TOUR Championship,Unknown Course - THE TOUR Championship,,,,,,,,
course_1e2294024bf3,espn_kaggle,Unknown Course - The Honda Classic,Unknown Course - The Honda Classic,,,,,,,,
course_12d2bf393424,espn_kaggle,Unknown Course - WGC-NEC Invitational,Unknown Course - WGC-NEC Invitational,,,,,,,,
course_bfcf6844ea13,espn_kaggle,Unknown Course - Bell Canadian Open,Unknown Course - Bell Canadian Open,,,,,,,,
course_2c247a48a966,espn_kaggle,Unknown Course - SEI Pennsylvania Classic,Unknown Course - SEI Pennsylvania Classic,,,,,,,,
course_30783c28bbdb,espn_kaggle,"East Lake Golf Club - Atlanta, GA","East Lake Golf Club - Atlanta, GA",,,,,,,,
course_253d35d16099,espn_kaggle,"Quail Hollow Club - Charlotte, NC","Quail Hollow Club - Charlotte, NC",,,,,,,,
course_2475b1722806,espn_kaggle,"Plainfield CC - Edison, NJ","Plainfield CC - Edison, NJ",,,,,,,,
course_5c0899372abd,espn_kaggle,"TPC Boston - Norton, MA","TPC Boston - Norton, MA",,,,,,,,
course_343fe1b22b46,espn_kaggle,"Hamilton Golf & Country Club - Hamilton, ON","Hamilton Golf & Country Club - Hamilton, ON",,,,,,,,
course_628ba19cc69a,espn_kaggle,"Nemacolin-Mystic Rock Course - Farmington, PA","Nemacolin-Mystic Rock Course - Farmington, PA",,,,,,,,
course_2821a057b78e,espn_kaggle,Unknown Course - THE TOUR Championship presented by Coca-Cola,Unknown Course - THE TOUR Championship presented by Coca-Cola,,,,,,,,
course_b4355b2837fe,espn_kaggle,"The Country Club at Mirasol-Sunrise - Palm Beach Gardens, FL","The Country Club at Mirasol-Sunrise - Palm Beach Gardens, FL",,,,,,,,
course_cae6f0728477,espn_kaggle,"Glen Abbey GC - Oakville, ON","Glen Abbey GC - Oakville, ON",,,,,,,,
course_0ca1377ce611,espn_kaggle,Mount Juliet - Kilkenny,Mount Juliet - Kilkenny,,,,,,,,
course_85983953d03c,espn_kaggle,"Golf Club of Houston - Houston, TX","Golf Club of Houston - Houston, TX",,,,,,,,
course_a9346c56f26d,espn_kaggle,"TPC Louisiana - Avondale, LA","TPC Louisiana - Avondale, LA",,,,,,,,
course_f667c0526b8b,espn_kaggle,"Congressional Country Club - Bethesda, MD","Congressional Country Club - Bethesda, MD",,,,,,,,
course_9e6a1ae69159,espn_kaggle,"Glen Oaks Club - Old Westbury, NY","Glen Oaks Club - Old Westbury, NY",,,,,,,,
course_c42f8b1e9b34,espn_kaggle,"St Andrews Links (Old Course) - St. Andrews, Scotland","St Andrews Links (Old Course) - St. Andrews, Scotland",,,,,,,,
course_27fd46f3641d,espn_kaggle,"Baltusrol GC - Springfield, NJ","Baltusrol GC - Springfield, NJ",,,,,,,,
course_e623abc2ad5d,espn_kaggle,"Shaughnessy G&CC - Vancouver, BC","Shaughnessy G&CC - Vancouver, BC",,,,,,,,
course_d004cc2af3c1,espn_kaggle,"TPC Harding Park - San Francisco, CA","TPC Harding Park - San Francisco, CA",,,,,,,,
course_214416703c4f,espn_kaggle,"Winged Foot GC - Mamaroneck, NY","Winged Foot GC - Mamaroneck, NY",,,,,,,,
course_a45d86493940,espn_kaggle,Royal Liverpool GC - Hoylake,Royal Liverpool GC - Hoylake,,,,,,,,
course_828041918f04,espn_kaggle,"Atunyote Golf Club - Verona, NY","Atunyote Golf Club - Verona, NY",,,,,,,,
course_7517cb09e212,espn_kaggle,"Medinah CC - Medinah, IL","Medinah CC - Medinah, IL",,,,,,,,
course_e47142576d76,espn_kaggle,"The Grove at England - Hertfordshire, England","The Grove at England - Hertfordshire, England",,,,,,,,
course_fb24de51201b,espn_kaggle,"El Camaleón Golf Course at Mayakoba - Quintana Roo, Mexico","El Camaleón Golf Course at Mayakoba - Quintana Roo, Mexico",,,,,,,,
course_5f1a6838ed4a,espn_kaggle,"PGA National Resort & Spa (The Champion) - Palm Beach Gardens, FL","PGA National Resort & Spa (The Champion) - Palm Beach Gardens, FL",,,,,,,,
course_0ff061e0278c,espn_kaggle,"Oakmont Country Club - Oakmont, PA","Oakmont Country Club - Oakmont, PA",,,,,,,,
course_8bd84321b99d,espn_kaggle,"Carnoustie Golf Links - Carnoustie, Scotland","Carnoustie Golf Links - Carnoustie, Scotland",,,,,,,,
course_27194e4ceb94,espn_kaggle,Angus Glen - Markham,Angus Glen - Markham,,,,,,,,
course_f59256e06255,espn_kaggle,"Southern Hills Country Club - Tulsa, OK","Southern Hills Country Club - Tulsa, OK",,,,,,,,
course_babdc7b2aea7,espn_kaggle,"Grayhawk Golf Club - Raptor - Scottsdale, AZ","Grayhawk Golf Club - Raptor - Scottsdale, AZ",,,,,,,,
course_a68b066bea34,espn_kaggle,"Tesoro Club - Arnold Palmer Course - Port St. Lucie, FL","Tesoro Club - Arnold Palmer Course - Port St. Lucie, FL",,,,,,,,
course_a446953502ac,espn_kaggle,"Panther Lake Golf Course - Winter Garden, FL","Panther Lake Golf Course - Winter Garden, FL",,,,,,,,
course_90e0023cb323,espn_kaggle,"Grand Reserve Country Club - Rio Grande, Puerto Rico","Grand Reserve Country Club - Rio Grande, Puerto Rico",,,,,,,,
course_4bf2e21a0b54,espn_kaggle,"Torrey Pines (South Course) - La Jolla, CA","Torrey Pines (South Course) - La Jolla, CA",,,,,,,,
course_86a0a9d0d003,espn_kaggle,"Royal Birkdale GC - Southport, England","Royal Birkdale GC - Southport, England",,,,,,,,
course_0be1a4896568,espn_kaggle,"Oakland Hills CC (South) - Bloomfield Township, MI","Oakland Hills CC (South) - Bloomfield Township, MI",,,,,,,,
course_516984f8deac,espn_kaggle,"Sedgefield Country Club - Greensboro, NC","Sedgefield Country Club - Greensboro, NC",,,,,,,,
course_b08635301ce4,espn_kaggle,"Ridgewood Country Club - Paramus, NJ","Ridgewood Country Club - Paramus, NJ",,,,,,,,
course_dd38846e234f,espn_kaggle,"Bellerive Country Club - St. Louis, MO","Bellerive Country Club - St. Louis, MO",,,,,,,,
course_75f1a08a3647,espn_kaggle,"The Conservatory at Hammock Beach - Palm Coast, FL","The Conservatory at Hammock Beach - Palm Coast, FL",,,,,,,,
course_b44da746b766,espn_kaggle,"Jack Nicklaus Tournament Course - La Quinta, CA","Jack Nicklaus Tournament Course - La Quinta, CA",,,,,,,,
course_db0acfc49735,espn_kaggle,"Bethpage State Park - Bethpage, NY","Bethpage State Park - Bethpage, NY",,,,,,,,
course_1d58c49371e9,espn_kaggle,"The Ailsa Championship Course - Turnberry, Ayrshire","The Ailsa Championship Course - Turnberry, Ayrshire",,,,,,,,
course_de75689def6f,espn_kaggle,"Hazeltine National Golf Club - Chaska, MN","Hazeltine National Golf Club - Chaska, MN",,,,,,,,
course_c8446ff4d849,espn_kaggle,"Liberty National Golf Club - Jersey City, NJ","Liberty National Golf Club - Jersey City, NJ",,,,,,,,
course_cbb709953a0c,espn_kaggle,Bear Lake Country Club Links Course,Bear Lake Country Club Links Course,,,,,,,,
course_f596cb8dea6d,espn_kaggle,"TPC San Antonio (Oaks Course) - San Antonio, TX","TPC San Antonio (Oaks Course) - San Antonio, TX",,,,,,,,
course_2d94ae89d4a3,espn_kaggle,Blue Course,Blue Course,,,,,,,,
course_e33140555a41,espn_kaggle,"Aronimink GC - Newtown Square, PA","Aronimink GC - Newtown Square, PA",,,,,,,,
course_1fbaba69f841,espn_kaggle,"St. George&apos;s G&CC - Etobicoke, Ontario","St. George&apos;s G&CC - Etobicoke, Ontario",,,,,,,,
course_32bb804cae0b,espn_kaggle,"The Old White Course - White Sulphur Springs, WV","The Old White Course - White Sulphur Springs, WV",,,,,,,,
course_241dfa54a4de,espn_kaggle,"Whistling Straits (Straits Course) - Kohler, WI","Whistling Straits (Straits Course) - Kohler, WI",,,,,,,,
course_cdc508c26b90,espn_kaggle,"Sea Island Resort (Seaside Course) - Saint Simons Island, GA","Sea Island Resort (Seaside Course) - Saint Simons Island, GA",,,,,,,,
course_82416148d1d9,espn_kaggle,"CordeValle Golf Club - San Martin, CA","CordeValle Golf Club - San Martin, CA",,,,,,,,
course_7d5be1db2f22,espn_kaggle,The MINES Resort & Golf Club - Kuala Lumpur,The MINES Resort & Golf Club - Kuala Lumpur,,,,,,,,
course_39d1e7940752,espn_kaggle,"Sheshan International GC - Shanghai, China","Sheshan International GC - Shanghai, China",,,,,,,,
course_8d6f402050bc,espn_kaggle,"Sherwood CC in Thousand Oaks - Thousand Oaks, CA","Sherwood CC in Thousand Oaks - Thousand Oaks, CA",,,,,,,,
course_5489719a59db,espn_kaggle,"Royal St. George's Golf Club - Kent, England","Royal St. George's Golf Club - Kent, England",,,,,,,,
course_d1364ef059e4,espn_kaggle,"Atlanta Athletic Club (Highlands Course) - Johns Creek, GA","Atlanta Athletic Club (Highlands Course) - Johns Creek, GA",,,,,,,,
course_4fb2bc5dfd30,espn_kaggle,"PGA West (Nicklaus Tournament Course) - La Quinta, CA","PGA West (Nicklaus Tournament Course) - La Quinta, CA",,,,,,,,
course_87d325c8c3bb,espn_kaggle,"Olympic Club (Lake Course) - San Francisco, CA","Olympic Club (Lake Course) - San Francisco, CA",,,,,,,,
course_c32413335e2a,espn_kaggle,"Royal Lytham & St. Annes Golf Club - Lancashire, England","Royal Lytham & St. Annes Golf Club - Lancashire, England",,,,,,,,
course_3d2d29e2a8ce,espn_kaggle,"Kiawah Island Golf Resort (Ocean Course) - Kiawah Island, SC","Kiawah Island Golf Resort (Ocean Course) - Kiawah Island, SC",,,,,,,,
course_f6ec4f756505,espn_kaggle,"Crooked Stick Golf Course - Carmel, IN","Crooked Stick Golf Course - Carmel, IN",,,,,,,,
course_0120f00160f2,espn_kaggle,Unknown Course - World Golf Championships-HSBC Champions,Unknown Course - World Golf Championships-HSBC Champions,,,,,,,,
course_0936e8febdc9,espn_kaggle,"Merion GC - Ardmore, PA","Merion GC - Ardmore, PA",,,,,,,,
course_d1937ea5825b,espn_kaggle,"Muirfield Golf Links - Gullane, Scotland","Muirfield Golf Links - Gullane, Scotland",,,,,,,,
course_a6789e38710f,espn_kaggle,"Oak Hill Country Club - Rochester, NY","Oak Hill Country Club - Rochester, NY",,,,,,,,
course_4e723c1d3419,espn_kaggle,"Conway Farms Golf Club - Lake Forest, IL","Conway Farms Golf Club - Lake Forest, IL",,,,,,,,
course_f06c7095ef55,espn_kaggle,"TPC Kuala Lumpur - Kuala Lumpur, Malaysia","TPC Kuala Lumpur - Kuala Lumpur, Malaysia",,,,,,,,
course_4cc5b1a06e60,espn_kaggle,"Pinehurst No. 2 - Pinehurst, NC","Pinehurst No. 2 - Pinehurst, NC",,,,,,,,
course_ec7d45010e89,espn_kaggle,"Valhalla Golf Club - Louisville, KY","Valhalla Golf Club - Louisville, KY",,,,,,,,
course_c458cf7655e7,espn_kaggle,"Cherry Hills CC - Cherry Hills Village, CO","Cherry Hills CC - Cherry Hills Village, CO",,,,,,,,
course_430bd85efb57,espn_kaggle,"Silverado Resort and Spa (North Course) - Napa, CA","Silverado Resort and Spa (North Course) - Napa, CA",,,,,,,,
course_94b6e0751d14,espn_kaggle,"Country Club of Jackson - Jackson, MS","Country Club of Jackson - Jackson, MS",,,,,,,,
course_0185ba4227e5,espn_kaggle,"Isleworth G&CC - Windermere, FL","Isleworth G&CC - Windermere, FL",,,,,,,,
course_00ba1c80c644,espn_kaggle,"Chambers Bay GC - University Place, WA","Chambers Bay GC - University Place, WA",,,,,,,,
course_65ba914d0300,espn_kaggle,"RTJ Trail Grand National Lake - Auburn, AL","RTJ Trail Grand National Lake - Auburn, AL",,,,,,,,
course_ee1e8bf4b6dc,espn_kaggle,"Robert Trent Jones Golf Club - Gainesville, VA","Robert Trent Jones Golf Club - Gainesville, VA",,,,,,,,
course_cdc802d4d0a8,espn_kaggle,"Albany - New Providence, Bahamas","Albany - New Providence, Bahamas",,,,,,,,
course_d49c5f7da746,espn_kaggle,"La Quinta Country Club - La Quinta, CA","La Quinta Country Club - La Quinta, CA",,,,,,,,
course_c39186e87c9a,espn_kaggle,"Royal Troon Golf Course - Troon, Scotland","Royal Troon Golf Course - Troon, Scotland",,,,,,,,
course_f2f0ee3f4f47,espn_kaggle,"Club De Golf Chapultepec - Mexico City, Mexico","Club De Golf Chapultepec - Mexico City, Mexico",,,,,,,,
course_e2670e47f3be,espn_kaggle,"Eagle Point Golf Club - Wilmington, NC","Eagle Point Golf Club - Wilmington, NC",,,,,,,,
course_97255f9cc883,espn_kaggle,"Erin Hills - Erin, WI","Erin Hills - Erin, WI",,,,,,,,
course_7469eb43298e,espn_kaggle,"The Club at Nine Bridges - Jeju Island, South Korea","The Club at Nine Bridges - Jeju Island, South Korea",,,,,,,,
course_4380973716f6,espn_kaggle,"The Cliffs at Walnut Cove - Greenville, SC","The Cliffs at Walnut Cove - Greenville, SC",,,,,,,,
course_c630c79ca994,espn_kaggle,"Priddis Greens Golf & Country Club - Priddis, AB","Priddis Greens Golf & Country Club - Priddis, AB",,,,,,,,
course_be63ad31bbd1,espn_kaggle,"Trinity Forest Golf Club - Dallas, TX","Trinity Forest Golf Club - Dallas, TX",,,,,,,,
course_91ab0e816499,espn_kaggle,"Shinnecock Hills GC  - Southampton, NY","Shinnecock Hills GC  - Southampton, NY",,,,,,,,
course_f4b470a49e86,espn_kaggle,"Keene Trace Golf Club (Champions Course) - Nicholasville, KY","Keene Trace Golf Club (Champions Course) - Nicholasville, KY",,,,,,,,
course_52572763f383,espn_kaggle,"Puntacana Resort & Club (Corales Golf Course) - Punta Cana, Dominican Republic","Puntacana Resort & Club (Corales Golf Course) - Punta Cana, Dominican Republic",,,,,,,,
course_21e53240e6b1,espn_kaggle,"Pebble Beach Golf Links - Pebble Beach, CA","Pebble Beach Golf Links - Pebble Beach, CA",,,,,,,,
course_04d526ae53cb,espn_kaggle,"Detroit Golf Club - Detroit, MI","Detroit Golf Club - Detroit, MI",,,,,,,,
course_5aea933357b1,espn_kaggle,"TPC Twin Cities - Blaine, MN","TPC Twin Cities - Blaine, MN",,,,,,,,
course_6eb53327971d,espn_kaggle,"Royal Portrush Golf Club - Portrush, Northern Ireland","Royal Portrush Golf Club - Portrush, Northern Ireland",,,,,,,,
course_402fa4fda211,espn_kaggle,"Accordia Golf Narashino CC - Chiba, Japan","Accordia Golf Narashino CC - Chiba, Japan",,,,,,,,
course_398991d139c6,espn_kaggle,"Port Royal Golf Course - Southampton Parish, Bermuda","Port Royal Golf Course - Southampton Parish, Bermuda",,,,,,,,
course_5ae2d2db51ef,espn_kaggle,"Olympia Fields Country Club - Olympia Fields, IL","Olympia Fields Country Club - Olympia Fields, IL",,,,,,,,
course_867ea34c1c89,espn_kaggle,"Shadow Creek Golf Course - Las Vegas, NV","Shadow Creek Golf Course - Las Vegas, NV",,,,,,,,
course_b1c25c63a6ed,espn_kaggle,"Memorial Park Golf Course - Houston, TX","Memorial Park Golf Course - Houston, TX",,,,,,,,
course_2b59bab5463e,espn_kaggle,"The Concession Golf Club - Bradenton, FL","The Concession Golf Club - Bradenton, FL",,,,,,,,
course_8280c4d8e9e0,espn_kaggle,"TPC Craig Ranch - McKinney, TX","TPC Craig Ranch - McKinney, TX",,,,,,,,
course_30cbcf927e87,espn_kaggle,"Congaree Golf Club - Ridgeland, SC","Congaree Golf Club - Ridgeland, SC",,,,,,,,
course_41958488d931,espn_kaggle,"Caves Valley Golf Club - Baltimore, MD","Caves Valley Golf Club - Baltimore, MD",,,,,,,,
course_c63d998f02d0,espn_kaggle,"The Summit Club - Las Vegas, NV","The Summit Club - Las Vegas, NV",,,,,,,,
course_2db206497df0,espn_kaggle,"Vidanta Vallarta - Nuevo Vallarta, Mexico","Vidanta Vallarta - Nuevo Vallarta, Mexico",,,,,,,,
course_b128d5d4170d,espn_kaggle,"St. George's Golf and Country Club - Toronto, ON","St. George's Golf and Country Club - Toronto, ON",,,,,,,,
course_7520ad0663fb,espn_kaggle,"The Country Club - Brookline, MA","The Country Club - Brookline, MA",,,,,,,,
course_e3e4b459fcde,espn_kaggle,"The Renaissance Club - North Berwick, Scotland","The Renaissance Club - North Berwick, Scotland",,,,,,,,
course_cbcf5d6204af,espn_kaggle,"Wilmington Country Club (South Course) - Wilmington, DE","Wilmington Country Club (South Course) - Wilmington, DE",,,,,,,,
course_42e9953ac08e,espn_kaggle,"Oakdale Golf & Country Club - Toronto, ON","Oakdale Golf & Country Club - Toronto, ON",,,,,,,,
course_aae07ba6d7bc,espn_kaggle,"Los Angeles Country Club - Los Angeles, CA","Los Angeles Country Club - Los Angeles, CA",,,,,,,,
course_6b6f33ca021f,espn_kaggle,"El Cardonal at Diamante - Cabo San Lucas, Mexico","El Cardonal at Diamante - Cabo San Lucas, Mexico",,,,,,,,
course_17f76e9c7e15,espn_kaggle,"TPC Sawgrass (Dye's Valley Course) - Ponte Vedra Beach, FL","TPC Sawgrass (Dye's Valley Course) - Ponte Vedra Beach, FL",,,,,,,,
course_faedd88ee736,espn_kaggle,"Dunes Golf & Beach Club - Myrtle Beach, SC","Dunes Golf & Beach Club - Myrtle Beach, SC",,,,,,,,
course_83a3b7b57fd2,espn_kaggle,"Castle Pines Golf Club - Castle Rock, CO","Castle Pines Golf Club - Castle Rock, CO",,,,,,,,
course_c0758ca79eb9,espn_kaggle,"Silverado Resort (North Course) - Napa, CA","Silverado Resort (North Course) - Napa, CA",,,,,,,,
course_db68f4d8e2aa,espn_kaggle,"Black Desert Resort Golf Course - Ivins, UT","Black Desert Resort Golf Course - Ivins, UT",,,,,,,,
course_641308e1d4f0,espn_kaggle,"ACCORDIA GOLF Narashino Country Club - Chiba, Japan","ACCORDIA GOLF Narashino Country Club - Chiba, Japan",,,,,,,,
course_dfe8e96fb78e,espn_kaggle,"Albany GC - New Providence, Bahamas","Albany GC - New Providence, Bahamas",,,,,,,,
course_dce4be1fbc27,espn_kaggle,"The Philadelphia Cricket Club (Wissahickon Course) - Philadelphia, PA","The Philadelphia Cricket Club (Wissahickon Course) - Philadelphia, PA",,,,,,,,
course_668837c92861,espn_kaggle,"TPC Toronto at Osprey Valley (North Course) - Caledon, ON","TPC Toronto at Osprey Valley (North Course) - Caledon, ON",,,,,,,,
course_6dc1a0dd104f,espn_kaggle,"Hurstbourne Country Club - Louisville, KY","Hurstbourne Country Club - Louisville, KY",,,,,,,,
course_c47323776e53,espn_kaggle,"Caves Valley Golf Club - Owings Mills, MD","Caves Valley Golf Club - Owings Mills, MD",,,,,,,,
course_b2d79407de96,espn_kaggle,"The Country Club of Jackson - Jackson, MS","The Country Club of Jackson - Jackson, MS",,,,,,,,
course_40fe948bae57,espn_kaggle,"Yokohama Country Club - Yokohama, Japan","Yokohama Country Club - Yokohama, Japan",,,,,,,,
course_1ec056d2b4d6,espn_kaggle,"Sea Island Golf Club (Seaside Course) - Saint Simons Island, GA","Sea Island Golf Club (Seaside Course) - Saint Simons Island, GA",,,,,,,,
course_533613fd2ca4,cbs_sports,Pete Dye Stadium Course PGA West,Pete Dye Stadium Course PGA West,"La Quinta, CA, USA",,,,,,,2026-07-17T18:30:43.112197Z
