event_id,course_id,round_number,is_primary_course,notes
event_0a5c8b6e255c,course_826efaaed616,,True,
event_e5d4b9d1c8f5,course_b02da7dede4f,,True,
event_bb1619587d56,course_1ad2bf5b0889,,True,
event_dc6483191fb8,course_591389619c0d,,True,
event_e5f20ec5bc45,course_311f5e48ca40,,True,
event_b497e0d6a86e,course_45b2fc5d7f1b,,True,
event_5bd698d7c50f,course_be1daeb948f6,,True,
event_8e4a5e9d82a9,course_1c094a6a2f0e,,True,
event_2fefd7152b3b,course_eb9197e2ae8a,,True,
event_b4d8e97e70e7,course_0eeb4a808e3f,,True,
event_9a132930e511,course_3cbc3019f3ac,,True,
event_6ba349c1d525,course_a4acfae1373e,,True,
event_ab10d4f4e612,course_549dd2a781c3,,True,
event_ab9eaa0e3a4b,course_ed3b768f02c8,,True,
event_a3d5a5b85aa4,course_b3b6f70ed395,,True,
event_67f8966cf1ef,course_617c6bb42aab,,True,
event_87d5bcbc0f28,course_52078b870da2,,True,
event_0ac3db0753e4,course_d45179417d7a,,True,
event_e933381d7e89,course_ccf2cc567dcf,,True,
event_438a85e3b292,course_015fd3cd6c4a,,True,
event_713994eaf049,course_652cc01af500,,True,
event_b92b075952d7,course_42afa4ef2f38,,True,
event_7294e92e8131,course_5cdce098e239,,True,
event_f1018e160ca5,course_f7b1b913bf14,,True,
event_2d7f5ddbd195,course_4c1ccd46c234,,True,
event_2a5b1c65a93d,course_8b59744add36,,True,
event_5dc7c11d14dd,course_7e318f62c5e3,,True,
event_21dd3671c93f,course_4aaa6fdde1a8,,True,
event_c90f23e9fc87,course_2da79764dd44,,True,
event_fa84883db8d8,course_7fb7ec68f2a1,,True,
event_8576960627c7,course_dffa95c17d15,,True,
event_e445156a07e8,course_2f6c8afb7efa,,True,
event_e01c36ded1e5,course_a0b24d33924e,,True,
event_1df55b6a1d99,course_10a2d4e905ec,,True,
event_02ecfd19481f,course_d910ed03b3f0,,True,
event_ab2b9a810b83,course_faa11e724f72,,True,
event_4c9652285418,course_49248d6be78b,,True,
event_7024ca3f3ed0,course_812a4ec45594,,True,
event_29f1d0153a01,course_d46653f95c27,,True,
event_02e9c1674fd3,course_58134810e305,,True,
event_bf29fe44b7c9,course_e2e9f777a095,,True,
event_bf7808a4ca53,course_d37cf8292848,,True,
event_b797a3764e8e,course_15a72fce9cc6,,True,
event_4c349331b8b8,course_ec127b301616,,True,
event_961cfa7075c7,course_246aacbdbf3b,,True,
event_087822d4d36f,course_38dda7832edb,,True,
event_04b729a8d89d,course_346a717359b4,,True,
event_7ea1497133cc,course_b02da7dede4f,,True,
event_68704e7c41fd,course_1ad2bf5b0889,,True,
event_1f79f5601803,course_be1daeb948f6,,True,
event_488d077d0183,course_591389619c0d,,True,
event_dd76b125025e,course_311f5e48ca40,,True,
event_a7763888d5cf,course_45b2fc5d7f1b,,True,
event_70482951b933,course_1c094a6a2f0e,,True,
event_97b7f1182dd0,course_826efaaed616,,True,
event_f4d64bac0e51,course_eb9197e2ae8a,,True,
event_9a6c90b3a0a5,course_1e2294024bf3,,True,
event_1f20a3bd84c1,course_3cbc3019f3ac,,True,
event_95a6312502d3,course_a4acfae1373e,,True,
event_4c6c71dfa6b2,course_617c6bb42aab,,True,
event_fec53a486a35,course_549dd2a781c3,,True,
event_00188e6e3f8a,course_ed3b768f02c8,,True,
event_b999d9de68f8,course_b3b6f70ed395,,True,
event_e0f59a279dce,course_52078b870da2,,True,
event_4a3e339e6bca,course_d45179417d7a,,True,
event_3e88f8bd83c0,course_ccf2cc567dcf,,True,
event_144a3b614f04,course_015fd3cd6c4a,,True,
event_25a0e1dc8237,course_42afa4ef2f38,,True,
event_281a77d65ef1,course_652cc01af500,,True,
event_f425fc038365,course_4c1ccd46c234,,True,
event_e82bb3bbe821,course_f7b1b913bf14,,True,
event_3d96ea6ec7d8,course_8b59744add36,,True,
event_00705b8bd15d,course_5cdce098e239,,True,
event_d5b77625a714,course_7e318f62c5e3,,True,
event_c1eb3fca1c1c,course_4aaa6fdde1a8,,True,
event_21a3f4cbf7b1,course_2da79764dd44,,True,
event_bd4fe033a51c,course_7fb7ec68f2a1,,True,
event_fab2d4d3ae99,course_dffa95c17d15,,True,
event_249006100b69,course_2f6c8afb7efa,,True,
event_7487068a8664,course_a0b24d33924e,,True,
event_4abbe291789f,course_10a2d4e905ec,,True,
event_cf8896351e39,course_12d2bf393424,,True,
event_be14b324326a,course_faa11e724f72,,True,
event_e1e0113d7358,course_bfcf6844ea13,,True,
event_9ee354673a00,course_2c247a48a966,,True,
event_003f8a111699,course_812a4ec45594,,True,
event_6bdfd87a4cae,course_d46653f95c27,,True,
event_812430eb209d,course_e2e9f777a095,,True,
event_b242d8e0a471,course_d37cf8292848,,True,
event_29f8725d44fd,course_15a72fce9cc6,,True,
event_e672c114c5cf,course_ec127b301616,,True,
event_4ef6dfdfe3a9,course_246aacbdbf3b,,True,
event_fe71892043f1,course_38dda7832edb,,True,
event_9e6cb1aafa0f,course_30783c28bbdb,,True,
event_66cad8e270f8,course_b02da7dede4f,,True,
event_7d38dbe9dcc8,course_1ad2bf5b0889,,True,
event_d064cbc1ce76,course_591389619c0d,,True,
event_a74e44996d5d,course_be1daeb948f6,,True,
event_317cb4595efc,course_311f5e48ca40,,True,
event_599d4f8d6840,course_45b2fc5d7f1b,,True,
event_36f4b434a495,course_1c094a6a2f0e,,True,
event_4234fe70d4eb,course_826efaaed616,,True,
event_cb2ed793a0cd,course_eb9197e2ae8a,,True,
event_70da7f0ed5d6,course_1e2294024bf3,,True,
event_1808553d5fc6,course_3cbc3019f3ac,,True,
event_68a47f75b68d,course_a4acfae1373e,,True,
event_cfe9e0290f68,course_549dd2a781c3,,True,
event_2a29068bf55b,course_ed3b768f02c8,,True,
event_777d3a9e91ba,course_b3b6f70ed395,,True,
event_e44a02fe66b9,course_617c6bb42aab,,True,
event_cfce764bbf8c,course_d45179417d7a,,True,
event_79fd80257ce2,course_253d35d16099,,True,
event_ad5911c53748,course_ccf2cc567dcf,,True,
event_41740106ee25,course_015fd3cd6c4a,,True,
event_6856f34923a2,course_42afa4ef2f38,,True,
event_5cbfa0b3ac69,course_652cc01af500,,True,
event_2769aad94e53,course_f7b1b913bf14,,True,
event_046a5597952b,course_4c1ccd46c234,,True,
event_98d2b4468d55,course_5cdce098e239,,True,
event_b29b02dd25a4,course_7e318f62c5e3,,True,
event_210cf0f51240,course_4aaa6fdde1a8,,True,
event_ce800b3bb6e7,course_2da79764dd44,,True,
event_ce34a96f97eb,course_2475b1722806,,True,
event_41bb6de0e594,course_8b59744add36,,True,
event_093ed377976f,course_2f6c8afb7efa,,True,
event_fcddc52fd60b,course_a0b24d33924e,,True,
event_2af6552bbdd0,course_10a2d4e905ec,,True,
event_88d669385a0d,course_d910ed03b3f0,,True,
event_328a23d63ba9,course_5c0899372abd,,True,
event_8d214000e156,course_343fe1b22b46,,True,
event_0c45854e951f,course_dffa95c17d15,,True,
event_dfa1f054f342,course_628ba19cc69a,,True,
event_f365b8e151fb,course_e2e9f777a095,,True,
event_c47178b3a4d2,course_38dda7832edb,,True,
event_0f97ee4a6dc4,course_d46653f95c27,,True,
event_d5dcc3d20dcb,course_15a72fce9cc6,,True,
event_b05e3829a2d7,course_52078b870da2,,True,
event_98bbba1d2a39,course_ec127b301616,,True,
event_fee88de52454,course_812a4ec45594,,True,
event_30d2af07f44a,course_2821a057b78e,,True,
event_443a08ddfe43,course_b02da7dede4f,,True,
event_8686c97451a1,course_1ad2bf5b0889,,True,
event_71207e482b4f,course_be1daeb948f6,,True,
event_2efc932de31a,course_591389619c0d,,True,
event_405f0a8ce412,course_311f5e48ca40,,True,
event_1289bdaa0fe4,course_45b2fc5d7f1b,,True,
event_bdaf94a27d06,course_1c094a6a2f0e,,True,
event_1101d1f760fa,course_826efaaed616,,True,
event_c7ccdd218b75,course_eb9197e2ae8a,,True,
event_3ed22e1fe851,course_b4355b2837fe,,True,
event_92452045fe33,course_3cbc3019f3ac,,True,
event_b42420e19cd7,course_a4acfae1373e,,True,
event_86ccab1f9ba2,course_549dd2a781c3,,True,
event_4ee9a465b42a,course_ed3b768f02c8,,True,
event_88f979aab66e,course_b3b6f70ed395,,True,
event_cb2c6d7c38a8,course_617c6bb42aab,,True,
event_a3848a8bdbe6,course_d45179417d7a,,True,
event_361014eb42f9,course_253d35d16099,,True,
event_c3de2515e99f,course_ccf2cc567dcf,,True,
event_56ae4b6e264f,course_015fd3cd6c4a,,True,
event_42bd59b5e45c,course_5cdce098e239,,True,
event_daea846a04de,course_42afa4ef2f38,,True,
event_1ebb82bca63d,course_4c1ccd46c234,,True,
event_500c12f3f1d0,course_f7b1b913bf14,,True,
event_5488128449b2,course_652cc01af500,,True,
event_99528b828a9c,course_7e318f62c5e3,,True,
event_0784dee67426,course_dffa95c17d15,,True,
event_7e282792dd4e,course_7fb7ec68f2a1,,True,
event_55549901f19d,course_2da79764dd44,,True,
event_cf6ac9c5a535,course_4aaa6fdde1a8,,True,
event_1d10fa041825,course_2f6c8afb7efa,,True,
event_f84c8daf24ce,course_a0b24d33924e,,True,
event_a117de8eea6f,course_10a2d4e905ec,,True,
event_c4a2e4c07fed,course_10a2d4e905ec,,True,
event_5d768f269181,course_8b59744add36,,True,
event_184251f7b639,course_5c0899372abd,,True,
event_2eb3f017ad84,course_cae6f0728477,,True,
event_3e0ed5b10c2e,course_e2e9f777a095,,True,
event_7754052262f0,course_628ba19cc69a,,True,
event_803bfee657ff,course_0ca1377ce611,,True,
event_c05d93a3057a,course_38dda7832edb,,True,
event_3eef749f7570,course_15a72fce9cc6,,True,
event_1846c0a88660,course_52078b870da2,,True,
event_a5f746f7061c,course_ec127b301616,,True,
event_ad4afe8c6278,course_812a4ec45594,,True,
event_f5109c4ea00f,course_30783c28bbdb,,True,
event_1631682b855f,course_b02da7dede4f,,True,
event_8feb5f1c6c79,course_1ad2bf5b0889,,True,
event_72ca3ca45d89,course_45b2fc5d7f1b,,True,
event_cdf6b5270668,course_be1daeb948f6,,True,
event_c12b7b7cb184,course_591389619c0d,,True,
event_6141546d3e26,course_311f5e48ca40,,True,
event_c178f1fa6d94,course_1c094a6a2f0e,,True,
event_ac8a0a562a2c,course_826efaaed616,,True,
event_a35527a2f789,course_eb9197e2ae8a,,True,
event_f16a46cae394,course_b4355b2837fe,,True,
event_6ea53c549d1d,course_3cbc3019f3ac,,True,
event_e74967af36b6,course_a4acfae1373e,,True,
event_300e49fc0d0e,course_549dd2a781c3,,True,
event_69c91f58b1d2,course_ed3b768f02c8,,True,
event_e729a507cac8,course_b3b6f70ed395,,True,
event_709227b5337d,course_85983953d03c,,True,
event_894a50f7e72b,course_a9346c56f26d,,True,
event_1cecaf4daf8c,course_253d35d16099,,True,
event_8a1f49135fad,course_ccf2cc567dcf,,True,
event_22005abf7bc4,course_015fd3cd6c4a,,True,
event_d541434dfcb5,course_5cdce098e239,,True,
event_5ed9269d2936,course_42afa4ef2f38,,True,
event_ad318fa9633f,course_f667c0526b8b,,True,
event_40c4255d6a4a,course_9e6a1ae69159,,True,
event_19621953d881,course_4c1ccd46c234,,True,
event_e2828cb92794,course_7e318f62c5e3,,True,
event_2c185c85bc4d,course_dffa95c17d15,,True,
event_a8ba5f1bff29,course_2da79764dd44,,True,
event_cf41e1c6e3b2,course_c42f8b1e9b34,,True,
event_94d151a92bca,course_4aaa6fdde1a8,,True,
event_020542fcdbdd,course_2f6c8afb7efa,,True,
event_e57b9240d541,course_27fd46f3641d,,True,
event_5201f5667602,course_d910ed03b3f0,,True,
event_f778ce5d5155,course_10a2d4e905ec,,True,
event_8ed518402602,course_8b59744add36,,True,
event_8bd26263a564,course_5c0899372abd,,True,
event_9b2164bc31aa,course_e623abc2ad5d,,True,
event_bea1a84b5c1f,course_628ba19cc69a,,True,
event_428ddba49c04,course_e2e9f777a095,,True,
event_b4e0b5835ac1,course_52078b870da2,,True,
event_b9482db01c3d,course_d004cc2af3c1,,True,
event_c0442c87ad5d,course_15a72fce9cc6,,True,
event_673bd2cd4d95,course_ec127b301616,,True,
event_931bf5dcf378,course_812a4ec45594,,True,
event_41e97c28ab3b,course_30783c28bbdb,,True,
event_00d34e917c3c,course_38dda7832edb,,True,
event_4bef949f1557,course_b02da7dede4f,,True,
event_a768344a8ded,course_1ad2bf5b0889,,True,
event_32e638d257d3,course_be1daeb948f6,,True,
event_cc9907270c80,course_45b2fc5d7f1b,,True,
event_8466cbd06b73,course_591389619c0d,,True,
event_1a83a5cef08c,course_311f5e48ca40,,True,
event_d03eea47474d,course_1c094a6a2f0e,,True,
event_727b6edd8a88,course_826efaaed616,,True,
event_cc9bad98a7d5,course_eb9197e2ae8a,,True,
event_94174912dd63,course_b4355b2837fe,,True,
event_8ec8c1934bbd,course_3cbc3019f3ac,,True,
event_0a9fc83d7355,course_a4acfae1373e,,True,
event_8141dc5cd07b,course_549dd2a781c3,,True,
event_065176b9bca7,course_ed3b768f02c8,,True,
event_ecab800043aa,course_b3b6f70ed395,,True,
event_0c20ef44b4aa,course_85983953d03c,,True,
event_74acb4e3079c,course_d45179417d7a,,True,
event_18c37a4c375f,course_253d35d16099,,True,
event_dfe48dac17a0,course_ccf2cc567dcf,,True,
event_71760f17bbe6,course_ccf2cc567dcf,,True,
event_045349982acf,course_5cdce098e239,,True,
event_1d94669dde7b,course_42afa4ef2f38,,True,
event_3a33c31697a3,course_4c1ccd46c234,,True,
event_cd76c5139744,course_214416703c4f,,True,
event_9232240fabc5,course_652cc01af500,,True,
event_599158a157d1,course_8b59744add36,,True,
event_5e0abce42397,course_7e318f62c5e3,,True,
event_e9f73b55ca40,course_dffa95c17d15,,True,
event_e7a5a13a9ffa,course_a45d86493940,,True,
event_72ff7d9e36d9,course_828041918f04,,True,
event_1f9bdd5552ff,course_4aaa6fdde1a8,,True,
event_bcd77c3fe50e,course_2f6c8afb7efa,,True,
event_7046c880fbfb,course_7517cb09e212,,True,
event_82449714d51e,course_d910ed03b3f0,,True,
event_f07d57d787f7,course_10a2d4e905ec,,True,
event_682491694277,course_5c0899372abd,,True,
event_095f2ab52fa7,course_343fe1b22b46,,True,
event_9a663e563908,course_628ba19cc69a,,True,
event_1f1999bb0920,course_e2e9f777a095,,True,
event_f2c36c002d04,course_e47142576d76,,True,
event_2a9c9225d657,course_38dda7832edb,,True,
event_c85a469e172f,course_52078b870da2,,True,
event_1b0d0fbe3237,course_15a72fce9cc6,,True,
event_54aaea8671e2,course_ec127b301616,,True,
event_5cc5c4ea8832,course_812a4ec45594,,True,
event_870d5ee6ab36,course_30783c28bbdb,,True,
event_6669bd982ccf,course_b02da7dede4f,,True,
event_fa612202a115,course_1ad2bf5b0889,,True,
event_23c38b513af0,course_be1daeb948f6,,True,
event_f292ba32103c,course_45b2fc5d7f1b,,True,
event_03d13fe5304c,course_591389619c0d,,True,
event_38ddc5f92513,course_311f5e48ca40,,True,
event_b41d5acb8929,course_1c094a6a2f0e,,True,
event_e05708c091f7,course_fb24de51201b,,True,
event_26e4b2fb8104,course_5f1a6838ed4a,,True,
event_f0a3c128e42d,course_812a4ec45594,,True,
event_35b5edd00edf,course_3cbc3019f3ac,,True,
event_ff96e56ef81d,course_eb9197e2ae8a,,True,
event_23b5180d78d4,course_85983953d03c,,True,
event_51a381451bff,course_ed3b768f02c8,,True,
event_925edc278dad,course_b3b6f70ed395,,True,
event_1d417e48d0ad,course_a9346c56f26d,,True,
event_e5267c8d40d1,course_ccf2cc567dcf,,True,
event_7963b68116b9,course_253d35d16099,,True,
event_7f7225923b33,course_a4acfae1373e,,True,
event_c00f11fd7b0f,course_549dd2a781c3,,True,
event_941bd4ea4434,course_015fd3cd6c4a,,True,
event_0fbaed487d12,course_42afa4ef2f38,,True,
event_30a4423f7c7b,course_5cdce098e239,,True,
event_2b90809668e5,course_0ff061e0278c,,True,
event_9d0fc45508e5,course_8b59744add36,,True,
event_d841d07b6096,course_2f6c8afb7efa,,True,
event_f615da963b45,course_f667c0526b8b,,True,
event_ddb5f2edade7,course_dffa95c17d15,,True,
event_ca99b307aefb,course_8bd84321b99d,,True,
event_7cb82bb8d3bb,course_4aaa6fdde1a8,,True,
event_0d928d7a7808,course_27194e4ceb94,,True,
event_e7218a0d0264,course_d910ed03b3f0,,True,
event_2b07cc6e9f93,course_10a2d4e905ec,,True,
event_dc56105c17e5,course_f59256e06255,,True,
event_8a1b4bce2246,course_52078b870da2,,True,
event_f4ff20eb115f,course_4c1ccd46c234,,True,
event_1bf5f884df37,course_5c0899372abd,,True,
event_a807b5bc01d1,course_7e318f62c5e3,,True,
event_b85bd39c8d85,course_30783c28bbdb,,True,
event_8d21f6e4cec7,course_828041918f04,,True,
event_0981e96d639b,course_38dda7832edb,,True,
event_ad15bf3ef276,course_e2e9f777a095,,True,
event_6dafdb70f465,course_15a72fce9cc6,,True,
event_cfbc78033ac6,course_babdc7b2aea7,,True,
event_f0b25086c13b,course_a68b066bea34,,True,
event_7a92be63329c,course_ec127b301616,,True,
event_3cf00afcaaf3,course_a446953502ac,,True,
event_650c5a9a5bed,course_b02da7dede4f,,True,
event_414d03b9c698,course_1ad2bf5b0889,,True,
event_c899a9cfbe72,course_be1daeb948f6,,True,
event_a750e34aa08d,course_45b2fc5d7f1b,,True,
event_655561efa7ce,course_591389619c0d,,True,
event_e7290a1cb810,course_311f5e48ca40,,True,
event_418d1aa5755f,course_1c094a6a2f0e,,True,
event_fec00ea87290,course_fb24de51201b,,True,
event_3bb19f9de2d2,course_5f1a6838ed4a,,True,
event_0afe5c2379b9,course_812a4ec45594,,True,
event_0d8ff22e15bb,course_3cbc3019f3ac,,True,
event_87e411522945,course_eb9197e2ae8a,,True,
event_9b6df7eca971,course_90e0023cb323,,True,
event_a9dddec590c8,course_a9346c56f26d,,True,
event_4e66b4636f4e,course_85983953d03c,,True,
event_9d38354ff437,course_ed3b768f02c8,,True,
event_19147711eaa0,course_b3b6f70ed395,,True,
event_e4f3820488d6,course_ccf2cc567dcf,,True,
event_250c43df30bb,course_253d35d16099,,True,
event_ded28ac8d277,course_a4acfae1373e,,True,
event_57cf9e078637,course_549dd2a781c3,,True,
event_907ceb91f515,course_015fd3cd6c4a,,True,
event_5bb0012176b8,course_42afa4ef2f38,,True,
event_e3146b875215,course_5cdce098e239,,True,
event_9ff5486147ac,course_4bf2e21a0b54,,True,
event_a427a482ccab,course_8b59744add36,,True,
event_ff20bb56d4dd,course_2f6c8afb7efa,,True,
event_ab5ef44ff00a,course_f667c0526b8b,,True,
event_85e3eb9ffaec,course_dffa95c17d15,,True,
event_b37957ddc94f,course_86a0a9d0d003,,True,
event_3754549ae1c1,course_4aaa6fdde1a8,,True,
event_50c79bf7c66b,course_cae6f0728477,,True,
event_2f61ab6e7083,course_d910ed03b3f0,,True,
event_3eca82ad1610,course_10a2d4e905ec,,True,
event_28000668457e,course_0be1a4896568,,True,
event_aaead988c708,course_516984f8deac,,True,
event_28aafadcd0ea,course_b08635301ce4,,True,
event_653f0a69fd64,course_5c0899372abd,,True,
event_b8437b16ee70,course_dd38846e234f,,True,
event_18479c99b098,course_38dda7832edb,,True,
event_ec9acf62ce33,course_30783c28bbdb,,True,
event_880ed1148914,course_828041918f04,,True,
event_3c725c906283,course_e2e9f777a095,,True,
event_bfcf6e6c9706,course_15a72fce9cc6,,True,
event_0d9bc1f332bd,course_babdc7b2aea7,,True,
event_ba96ee0ecd99,course_75f1a08a3647,,True,
event_19b283b0624a,course_ec127b301616,,True,
event_28b8f28fb75d,course_b44da746b766,,True,
event_a1d5e68a35eb,course_b02da7dede4f,,True,
event_a472b6683d84,course_1ad2bf5b0889,,True,
event_3b3b6aec2416,course_be1daeb948f6,,True,
event_db4ad7939ffd,course_591389619c0d,,True,
event_eea90fe3f688,course_45b2fc5d7f1b,,True,
event_b4844679dfe9,course_311f5e48ca40,,True,
event_643b81064f95,course_1c094a6a2f0e,,True,
event_5ade44cd0c6b,course_fb24de51201b,,True,
event_b349b0f661f0,course_5f1a6838ed4a,,True,
event_f66d4d56887e,course_eb9197e2ae8a,,True,
event_3356c83836b3,course_90e0023cb323,,True,
event_e85f66a2a464,course_812a4ec45594,,True,
event_6bb6301a9940,course_3cbc3019f3ac,,True,
event_d767ac5ef0b0,course_85983953d03c,,True,
event_009f080ce475,course_ed3b768f02c8,,True,
event_8a46fe916b65,course_b3b6f70ed395,,True,
event_0b289779ca7f,course_a9346c56f26d,,True,
event_0b83099463f4,course_253d35d16099,,True,
event_077f748df3a9,course_a4acfae1373e,,True,
event_5dceb5ef36b4,course_e2e9f777a095,,True,
event_ee22e886534e,course_ccf2cc567dcf,,True,
event_83a0b78adee3,course_015fd3cd6c4a,,True,
event_49cb18f9bee4,course_42afa4ef2f38,,True,
event_1ab2ca41c807,course_5cdce098e239,,True,
event_09d3d9642bb1,course_db0acfc49735,,True,
event_2d0323c1d89c,course_8b59744add36,,True,
event_776f835c7c5e,course_f667c0526b8b,,True,
event_ebf6c04139a5,course_dffa95c17d15,,True,
event_4742ff872dfa,course_1d58c49371e9,,True,
event_05e425db2958,course_4aaa6fdde1a8,,True,
event_36423682edf6,course_cae6f0728477,,True,
event_ea3965faba55,course_2f6c8afb7efa,,True,
event_435b20311ced,course_d910ed03b3f0,,True,
event_6d3ae6ff21ae,course_10a2d4e905ec,,True,
event_b61c05071b3b,course_de75689def6f,,True,
event_61514314539b,course_516984f8deac,,True,
event_29e0d1c3286d,course_c8446ff4d849,,True,
event_37ae1632fd89,course_5c0899372abd,,True,
event_1f80ebc8c51a,course_7e318f62c5e3,,True,
event_b4f2fde4da0f,course_30783c28bbdb,,True,
event_3352cf39352f,course_828041918f04,,True,
event_bb9f782b97ee,course_15a72fce9cc6,,True,
event_aaef25b6a396,course_babdc7b2aea7,,True,
event_ee96c3353b5d,course_38dda7832edb,,True,
event_b9060af50fa4,course_ec127b301616,,True,
event_209e51032b6b,course_cbb709953a0c,,True,
event_db03602a43fa,course_b02da7dede4f,,True,
event_997f79e18ae7,course_1ad2bf5b0889,,True,
event_bdb4ffeabe1b,course_be1daeb948f6,,True,
event_d25b4020313d,course_45b2fc5d7f1b,,True,
event_4717161335b6,course_1c094a6a2f0e,,True,
event_447dc6e31343,course_311f5e48ca40,,True,
event_f2ba95744766,course_fb24de51201b,,True,
event_f7ba032f664d,course_591389619c0d,,True,
event_511b63babc31,course_5f1a6838ed4a,,True,
event_aaf804c650cb,course_eb9197e2ae8a,,True,
event_1967b43c3e42,course_90e0023cb323,,True,
event_ecd17842dbfa,course_812a4ec45594,,True,
event_b7f924fa2baf,course_3cbc3019f3ac,,True,
event_5bca2a9659be,course_85983953d03c,,True,
event_a602a4950ca0,course_ed3b768f02c8,,True,
event_1f65aaad98ef,course_b3b6f70ed395,,True,
event_b0b2ae7916f8,course_a9346c56f26d,,True,
event_69c227954cb7,course_253d35d16099,,True,
event_17029d9b5f70,course_a4acfae1373e,,True,
event_30403a5dc9cb,course_f596cb8dea6d,,True,
event_3a110ee1da59,course_ccf2cc567dcf,,True,
event_c2ecbf0487d6,course_015fd3cd6c4a,,True,
event_3faa9def16c2,course_42afa4ef2f38,,True,
event_d1ce3ccf1c5a,course_5cdce098e239,,True,
event_1147196dec82,course_2d94ae89d4a3,,True,
event_8693fb8c75fd,course_8b59744add36,,True,
event_7a1789a6da06,course_e33140555a41,,True,
event_a89e14b45ad6,course_dffa95c17d15,,True,
event_017ac1c4d569,course_c42f8b1e9b34,,True,
event_bb707d97b9f6,course_10a2d4e905ec,,True,
event_4a6b4025320f,course_1fbaba69f841,,True,
event_c5697fec61dc,course_32bb804cae0b,,True,
event_7407c335898b,course_d910ed03b3f0,,True,
event_43b4b0552c91,course_828041918f04,,True,
event_7cebf93822d9,course_241dfa54a4de,,True,
event_8b6e8441ed2b,course_516984f8deac,,True,
event_062cb4154262,course_b08635301ce4,,True,
event_05daf891be1a,course_5c0899372abd,,True,
event_3d61a35f656c,course_7e318f62c5e3,,True,
event_7e18514d877c,course_30783c28bbdb,,True,
event_c2f9825ceda4,course_38dda7832edb,,True,
event_f24edc59281f,course_cdc508c26b90,,True,
event_aa3140b04576,course_82416148d1d9,,True,
event_7dab26e2ebe0,course_15a72fce9cc6,,True,
event_640a6e288f14,course_7d5be1db2f22,,True,
event_04f3613b7aa0,course_39d1e7940752,,True,
event_d73ef1ed5309,course_ec127b301616,,True,
event_d179905f87c9,course_a446953502ac,,True,
event_ffb5b58bd695,course_8d6f402050bc,,True,
event_ece60ec83318,course_b02da7dede4f,,True,
event_650483fbc32e,course_1ad2bf5b0889,,True,
event_3994e8a4b6c2,course_be1daeb948f6,,True,
event_5d54c637668c,course_45b2fc5d7f1b,,True,
event_83db593cf7e9,course_591389619c0d,,True,
event_d7cc9a1755c2,course_311f5e48ca40,,True,
event_ca74c0878725,course_1c094a6a2f0e,,True,
event_267d1325c94f,course_fb24de51201b,,True,
event_c920cc75cdba,course_5f1a6838ed4a,,True,
event_58cdb2d833eb,course_eb9197e2ae8a,,True,
event_950a4496a918,course_90e0023cb323,,True,
event_96853500c927,course_812a4ec45594,,True,
event_289dfed991f5,course_3cbc3019f3ac,,True,
event_27ddc1295d6e,course_85983953d03c,,True,
event_386ac343425f,course_ed3b768f02c8,,True,
event_eec24d3b163d,course_f596cb8dea6d,,True,
event_1a95859dca37,course_b3b6f70ed395,,True,
event_31713ad4bc4c,course_a9346c56f26d,,True,
event_a9793ca47520,course_253d35d16099,,True,
event_4f0703bc13e7,course_a4acfae1373e,,True,
event_a31de5004a7b,course_015fd3cd6c4a,,True,
event_0b5161987dde,course_ccf2cc567dcf,,True,
event_710b1df147b7,course_42afa4ef2f38,,True,
event_e025d05f58ab,course_5cdce098e239,,True,
event_51c07b2b5cf4,course_f667c0526b8b,,True,
event_993a8ecc7945,course_8b59744add36,,True,
event_f7abc42c4969,course_e33140555a41,,True,
event_4adc728808b5,course_dffa95c17d15,,True,
event_1da351851bcf,course_5489719a59db,,True,
event_e25d75029d47,course_38dda7832edb,,True,
event_4d0351c7baa8,course_e623abc2ad5d,,True,
event_ba3a680d29df,course_32bb804cae0b,,True,
event_93693531e60c,course_d910ed03b3f0,,True,
event_657394fd95a2,course_10a2d4e905ec,,True,
event_de937acdd00f,course_d1364ef059e4,,True,
event_28cb95f06094,course_516984f8deac,,True,
event_3c1e2333339f,course_2475b1722806,,True,
event_4e9ac19b4cbd,course_5c0899372abd,,True,
event_e64ea68711cd,course_7e318f62c5e3,,True,
event_3e9fa1283f38,course_30783c28bbdb,,True,
event_777fa48191ce,course_15a72fce9cc6,,True,
event_4140ff9eb8f4,course_82416148d1d9,,True,
event_14f277a0f935,course_cdc508c26b90,,True,
event_5467a395bf22,course_ec127b301616,,True,
event_5e3c047c0209,course_7d5be1db2f22,,True,
event_6de844aece00,course_39d1e7940752,,True,
event_66c6b3918386,course_4fb2bc5dfd30,,True,
event_36516cedcc76,course_8d6f402050bc,,True,
event_13f85f9d3757,course_b02da7dede4f,,True,
event_b11e8eae5d80,course_1ad2bf5b0889,,True,
event_b5f1e8488831,course_be1daeb948f6,,True,
event_d425d7225182,course_45b2fc5d7f1b,,True,
event_40d2bf83f333,course_591389619c0d,,True,
event_ad327ee11fb5,course_311f5e48ca40,,True,
event_d9e1927ac159,course_1c094a6a2f0e,,True,
event_25ce6a05216e,course_fb24de51201b,,True,
event_dbcee2e57b7a,course_5f1a6838ed4a,,True,
event_11b970b7efd6,course_90e0023cb323,,True,
event_21700d9aee98,course_eb9197e2ae8a,,True,
event_b60cbed188f1,course_812a4ec45594,,True,
event_84a35444bde9,course_3cbc3019f3ac,,True,
event_6242004c84a1,course_85983953d03c,,True,
event_d67b7bd37976,course_ed3b768f02c8,,True,
event_25cd562a256e,course_b3b6f70ed395,,True,
event_432222d9f13d,course_f596cb8dea6d,,True,
event_1882ccf4154f,course_a9346c56f26d,,True,
event_fc927bf642d5,course_253d35d16099,,True,
event_0fdc5b689939,course_a4acfae1373e,,True,
event_5be1a1b0102f,course_ccf2cc567dcf,,True,
event_e86b0e14786c,course_015fd3cd6c4a,,True,
event_6fa8014dbadd,course_42afa4ef2f38,,True,
event_63ea983fb09c,course_5cdce098e239,,True,
event_ac3b7e55a3d3,course_87d325c8c3bb,,True,
event_8c3eee3c203c,course_8b59744add36,,True,
event_4a0f4c32144a,course_f667c0526b8b,,True,
event_f2cfac3ba2cd,course_32bb804cae0b,,True,
event_f00e1db70a20,course_dffa95c17d15,,True,
event_bf97501b6c67,course_c32413335e2a,,True,
event_bb56bcf06c91,course_38dda7832edb,,True,
event_fb0323e442e9,course_343fe1b22b46,,True,
event_440d05e4bf01,course_d910ed03b3f0,,True,
event_04a0456c1641,course_3d2d29e2a8ce,,True,
event_8f256f0a8498,course_516984f8deac,,True,
event_2cdc440e948e,course_db0acfc49735,,True,
event_8d30ea4e47b2,course_5c0899372abd,,True,
event_f4288320c7bd,course_f6ec4f756505,,True,
event_7b69bc054d74,course_30783c28bbdb,,True,
event_7db9a560d6fc,course_15a72fce9cc6,,True,
event_55255f209dd8,course_82416148d1d9,,True,
event_40b27c5f0843,course_cdc508c26b90,,True,
event_aace6bce9ffb,course_7d5be1db2f22,,True,
event_22eb2736fd77,course_0120f00160f2,,True,
event_5df9e7ac6307,course_ec127b301616,,True,
event_96f48d46ec89,course_4fb2bc5dfd30,,True,
event_5c2bfda2b923,course_8d6f402050bc,,True,
event_414f8653508e,course_b02da7dede4f,,True,
event_0ff35f0c4f6e,course_1ad2bf5b0889,,True,
event_d3b9a506129c,course_be1daeb948f6,,True,
event_472874490ef0,course_45b2fc5d7f1b,,True,
event_dfa7a206f78d,course_591389619c0d,,True,
event_9d92fee77594,course_311f5e48ca40,,True,
event_45b238d04f16,course_1c094a6a2f0e,,True,
event_7ea10dce2d5b,course_5f1a6838ed4a,,True,
event_71264e2652f7,course_90e0023cb323,,True,
event_2fede7551749,course_eb9197e2ae8a,,True,
event_3e51747c314e,course_812a4ec45594,,True,
event_a6d6580777c7,course_3cbc3019f3ac,,True,
event_37ac9ffd46af,course_85983953d03c,,True,
event_f9d7850b5da4,course_f596cb8dea6d,,True,
event_2088415fe269,course_ed3b768f02c8,,True,
event_8f2124580317,course_b3b6f70ed395,,True,
event_95a68b0ff4ec,course_a9346c56f26d,,True,
event_00acfc774194,course_253d35d16099,,True,
event_1f702d252b6e,course_a4acfae1373e,,True,
event_933b7024bd06,course_ccf2cc567dcf,,True,
event_eb591ec5690b,course_015fd3cd6c4a,,True,
event_38b6fb14158b,course_42afa4ef2f38,,True,
event_0e50515bb2e6,course_5cdce098e239,,True,
event_ca6ae93dfd99,course_0936e8febdc9,,True,
event_4eaa3fac36b4,course_8b59744add36,,True,
event_c4c8b31c133d,course_f667c0526b8b,,True,
event_28654ee13a1c,course_32bb804cae0b,,True,
event_55ce0c6c6680,course_dffa95c17d15,,True,
event_b2d2ffd81c3f,course_38dda7832edb,,True,
event_5ad3c4497c07,course_d1937ea5825b,,True,
event_62b12915fe99,course_cae6f0728477,,True,
event_6cf29b66ef43,course_d910ed03b3f0,,True,
event_42992a08425a,course_a6789e38710f,,True,
event_968104cb3218,course_516984f8deac,,True,
event_2f060514cb7e,course_c8446ff4d849,,True,
event_523684f24fcf,course_5c0899372abd,,True,
event_871036f7495e,course_4e723c1d3419,,True,
event_84ac9ee5eca3,course_30783c28bbdb,,True,
event_b687d18ccc4b,course_82416148d1d9,,True,
event_b84309d323d6,course_15a72fce9cc6,,True,
event_742b21652621,course_f06c7095ef55,,True,
event_d2c6ef54e998,course_39d1e7940752,,True,
event_b5f42a3dc861,course_cdc508c26b90,,True,
event_a5e4990445f9,course_fb24de51201b,,True,
event_07c06219dfba,course_8d6f402050bc,,True,
event_04b02f7109d2,course_b02da7dede4f,,True,
event_7ccf947f2670,course_be1daeb948f6,,True,
event_e4a87b84aafd,course_45b2fc5d7f1b,,True,
event_4a0b9196baad,course_591389619c0d,,True,
event_0481c625f1b4,course_311f5e48ca40,,True,
event_bd0e31bc70ce,course_1c094a6a2f0e,,True,
event_a22c0e6a467e,course_5f1a6838ed4a,,True,
event_d6b8325fd6ae,course_90e0023cb323,,True,
event_46b8c5b19355,course_eb9197e2ae8a,,True,
event_3edc0fe7571a,course_812a4ec45594,,True,
event_a3209ec59ccd,course_3cbc3019f3ac,,True,
event_d6566cf66e11,course_f596cb8dea6d,,True,
event_d451019aa9f7,course_85983953d03c,,True,
event_784bd25b524b,course_ed3b768f02c8,,True,
event_1d185f204450,course_b3b6f70ed395,,True,
event_03f64aa5874b,course_a9346c56f26d,,True,
event_8b7a7acd97ec,course_253d35d16099,,True,
event_db15d81546de,course_a4acfae1373e,,True,
event_8d782ddae42c,course_ccf2cc567dcf,,True,
event_53d6c3eb8578,course_015fd3cd6c4a,,True,
event_061c9d23f421,course_42afa4ef2f38,,True,
event_d5626575c0ea,course_5cdce098e239,,True,
event_5e9e70cb49fd,course_4cc5b1a06e60,,True,
event_73a889e482f0,course_8b59744add36,,True,
event_e195eb8a79df,course_f667c0526b8b,,True,
event_834eee5568a9,course_32bb804cae0b,,True,
event_16cec9946dc6,course_dffa95c17d15,,True,
event_ab238f033b76,course_a45d86493940,,True,
event_bcbd70003b8b,course_49248d6be78b,,True,
event_2a3f84aefaa8,course_d910ed03b3f0,,True,
event_bcba67e6cf18,course_ec7d45010e89,,True,
event_380ab94b85d4,course_516984f8deac,,True,
event_812e1a7f53fd,course_b08635301ce4,,True,
event_9e88b95a1097,course_5c0899372abd,,True,
event_d379a33f4f56,course_c458cf7655e7,,True,
event_eb07737cc57b,course_30783c28bbdb,,True,
event_108654b6bb2c,course_430bd85efb57,,True,
event_6147ac8f5538,course_15a72fce9cc6,,True,
event_d65703f0a9be,course_cdc508c26b90,,True,
event_9127e9bb738c,course_f06c7095ef55,,True,
event_c58aafc0a7c8,course_39d1e7940752,,True,
event_ccf5c1a8debb,course_94b6e0751d14,,True,
event_b07d8584a81c,course_fb24de51201b,,True,
event_bd5bfaf56c1a,course_0185ba4227e5,,True,
event_e797493b414d,course_b02da7dede4f,,True,
event_284de82000d3,course_1ad2bf5b0889,,True,
event_928fdd2fc497,course_be1daeb948f6,,True,
event_bccc0427f161,course_591389619c0d,,True,
event_dd0c51266566,course_45b2fc5d7f1b,,True,
event_03648600de73,course_311f5e48ca40,,True,
event_db95c1b4ffc9,course_1c094a6a2f0e,,True,
event_2c1ad7d87831,course_5f1a6838ed4a,,True,
event_d6c74b19775f,course_90e0023cb323,,True,
event_e49380461029,course_eb9197e2ae8a,,True,
event_a789fbd335e8,course_812a4ec45594,,True,
event_1c58aee1f507,course_3cbc3019f3ac,,True,
event_b9617ac8ee5e,course_f596cb8dea6d,,True,
event_d4f8ef4efb6c,course_85983953d03c,,True,
event_9ceb6394fa66,course_ed3b768f02c8,,True,
event_84a9b03d26c0,course_b3b6f70ed395,,True,
event_9f3ce6e020e6,course_a9346c56f26d,,True,
event_7bbc7c750e3e,course_a4acfae1373e,,True,
event_c06a53ecfd19,course_253d35d16099,,True,
event_311f35ba497d,course_015fd3cd6c4a,,True,
event_3bc6df386d1f,course_ccf2cc567dcf,,True,
event_e6a7975e6cea,course_42afa4ef2f38,,True,
event_1fd78ca8fdcb,course_5cdce098e239,,True,
event_aa9485ba7039,course_00ba1c80c644,,True,
event_54dfd3867f0c,course_8b59744add36,,True,
event_02850fc5743c,course_32bb804cae0b,,True,
event_0303e559f7eb,course_dffa95c17d15,,True,
event_2ec7a67e022c,course_c42f8b1e9b34,,True,
event_d937146098c9,course_65ba914d0300,,True,
event_9835678c02a7,course_cae6f0728477,,True,
event_332b6195cd85,course_ee1e8bf4b6dc,,True,
event_482eb5b5507b,course_d910ed03b3f0,,True,
event_3eee8c837925,course_241dfa54a4de,,True,
event_1bcc270f925f,course_516984f8deac,,True,
event_ff5ac92188f5,course_2475b1722806,,True,
event_ec912e8767ac,course_5c0899372abd,,True,
event_9c586b04ef98,course_4e723c1d3419,,True,
event_705abcd05b5e,course_30783c28bbdb,,True,
event_35de12ae65a7,course_430bd85efb57,,True,
event_d09525b50dc7,course_15a72fce9cc6,,True,
event_62eeb1a22c14,course_f06c7095ef55,,True,
event_6771ee2ab63d,course_39d1e7940752,,True,
event_cc928c4af4ed,course_94b6e0751d14,,True,
event_1fd3b938f3df,course_fb24de51201b,,True,
event_28c1c97fee19,course_cdc508c26b90,,True,
event_6f5ee340abe4,course_cdc802d4d0a8,,True,
event_9b1acf4a8ee7,course_b02da7dede4f,,True,
event_36a247bb6dc5,course_1ad2bf5b0889,,True,
event_3ff1d8dfb8f4,course_d49c5f7da746,,True,
event_e9bf255577c1,course_45b2fc5d7f1b,,True,
event_b9e00028f88f,course_591389619c0d,,True,
event_cb9e7b8c21d7,course_311f5e48ca40,,True,
event_76db7de4bb75,course_1c094a6a2f0e,,True,
event_6f018daa411d,course_5f1a6838ed4a,,True,
event_77e23b59e668,course_eb9197e2ae8a,,True,
event_87a32356433e,course_812a4ec45594,,True,
event_c8338645c8a0,course_3cbc3019f3ac,,True,
event_dd6f534dbf34,course_90e0023cb323,,True,
event_de6ab9d6bc6d,course_85983953d03c,,True,
event_d8e1a0202d07,course_ed3b768f02c8,,True,
event_e3f8ad382ca1,course_b3b6f70ed395,,True,
event_10508d3748c4,course_f596cb8dea6d,,True,
event_f96e0ec5b1d1,course_a9346c56f26d,,True,
event_096553607736,course_253d35d16099,,True,
event_250ba06b86cb,course_a4acfae1373e,,True,
event_53e16400b11a,course_ccf2cc567dcf,,True,
event_b044867c2cd1,course_015fd3cd6c4a,,True,
event_269e7dd634e0,course_42afa4ef2f38,,True,
event_96108add1bed,course_5cdce098e239,,True,
event_f6683cb983db,course_0ff061e0278c,,True,
event_e3815dee67cd,course_f667c0526b8b,,True,
event_03ed885ab287,course_d910ed03b3f0,,True,
event_15d44d0cb126,course_65ba914d0300,,True,
event_7a78c9730a78,course_c39186e87c9a,,True,
event_c985f84598a1,course_cae6f0728477,,True,
event_76e8e5b12512,course_27fd46f3641d,,True,
event_7871433d3bca,course_8b59744add36,,True,
event_71ca30e26899,course_dffa95c17d15,,True,
event_0c5fbe4ddbec,course_516984f8deac,,True,
event_5e88f4480639,course_db0acfc49735,,True,
event_9a7142a87360,course_5c0899372abd,,True,
event_fb7784454be7,course_f6ec4f756505,,True,
event_a5f10b088ed3,course_30783c28bbdb,,True,
event_834c5370e1f4,course_430bd85efb57,,True,
event_1a89c2653106,course_f06c7095ef55,,True,
event_cf897645f7bb,course_39d1e7940752,,True,
event_4334b476f627,course_94b6e0751d14,,True,
event_85d1155ca8bf,course_15a72fce9cc6,,True,
event_c448c5238de9,course_fb24de51201b,,True,
event_6ab4ad176c31,course_cdc508c26b90,,True,
event_56e3d5ec1556,course_cdc802d4d0a8,,True,
event_b9d0d0d06d48,course_b02da7dede4f,,True,
event_91add33f8e3b,course_1ad2bf5b0889,,True,
event_5b962549c894,course_d49c5f7da746,,True,
event_7620d28b137a,course_45b2fc5d7f1b,,True,
event_1557aebb690a,course_591389619c0d,,True,
event_bcec004ed151,course_311f5e48ca40,,True,
event_308f13bbf40c,course_1c094a6a2f0e,,True,
event_b3c256ac483f,course_5f1a6838ed4a,,True,
event_37945467c725,course_f2f0ee3f4f47,,True,
event_a0f86389941f,course_812a4ec45594,,True,
event_43ea49c8e6b3,course_3cbc3019f3ac,,True,
event_80218fad4269,course_90e0023cb323,,True,
event_90c3f748175c,course_85983953d03c,,True,
event_938d0be325df,course_ed3b768f02c8,,True,
event_213a5b3af021,course_b3b6f70ed395,,True,
event_d1cf20a38b7c,course_f596cb8dea6d,,True,
event_f5a7d7b07b77,course_e2670e47f3be,,True,
event_745859228b83,course_a4acfae1373e,,True,
event_25adfedd8c0f,course_ccf2cc567dcf,,True,
event_e397605013aa,course_015fd3cd6c4a,,True,
event_b38b0c6b4226,course_42afa4ef2f38,,True,
event_a73ccfffdd49,course_5cdce098e239,,True,
event_f1e85c91219c,course_97255f9cc883,,True,
event_e66b3da9dfb4,course_8b59744add36,,True,
event_6782f38cf10e,course_652cc01af500,,True,
event_0231fdff55cc,course_32bb804cae0b,,True,
event_066aa3cd40b9,course_dffa95c17d15,,True,
event_e21d0f2f4e1a,course_65ba914d0300,,True,
event_81413836237f,course_86a0a9d0d003,,True,
event_c6967a6c7226,course_cae6f0728477,,True,
event_bcef257043f8,course_d910ed03b3f0,,True,
event_514e74a337d0,course_253d35d16099,,True,
event_122237e5188b,course_516984f8deac,,True,
event_3fc1a241c157,course_9e6a1ae69159,,True,
event_a52e1444e310,course_5c0899372abd,,True,
event_099657af44f4,course_4e723c1d3419,,True,
event_62a8c97f2ab8,course_30783c28bbdb,,True,
event_fa041ffb50ae,course_430bd85efb57,,True,
event_62f0d4d0f736,course_f06c7095ef55,,True,
event_7f173c69ef3a,course_7469eb43298e,,True,
event_97f9767250a4,course_39d1e7940752,,True,
event_65c049d263d0,course_94b6e0751d14,,True,
event_c58ebbcd392c,course_15a72fce9cc6,,True,
event_ce377a4f2c06,course_fb24de51201b,,True,
event_5c8c9183061e,course_cdc508c26b90,,True,
event_98172ab40358,course_cdc802d4d0a8,,True,
event_42588dc12b06,course_b02da7dede4f,,True,
event_7ab2ac2e78e8,course_1ad2bf5b0889,,True,
event_79cb2f03850c,course_d49c5f7da746,,True,
event_b39add37f777,course_45b2fc5d7f1b,,True,
event_ac340ac9bc29,course_591389619c0d,,True,
event_459f15a1f587,course_311f5e48ca40,,True,
event_6e0b7cfd6af0,course_1c094a6a2f0e,,True,
event_032b780c043e,course_5f1a6838ed4a,,True,
event_e2199c0a4008,course_f2f0ee3f4f47,,True,
event_075e864b99b6,course_4380973716f6,,True,
event_912444d22df5,course_3cbc3019f3ac,,True,
event_9c57c1d2a06c,course_c630c79ca994,,True,
event_307ed33fb900,course_85983953d03c,,True,
event_79f50a3e9acf,course_ed3b768f02c8,,True,
event_b699ade7ff0c,course_b3b6f70ed395,,True,
event_bca36cdc44e0,course_f596cb8dea6d,,True,
event_0b9de4fdad8c,course_253d35d16099,,True,
event_792e0d970135,course_a4acfae1373e,,True,
event_efdd01c8820b,course_be63ad31bbd1,,True,
event_e37315e328c0,course_015fd3cd6c4a,,True,
event_68c84c0e01c8,course_42afa4ef2f38,,True,
event_1ab2fea5fb91,course_5cdce098e239,,True,
event_9c89744d23f3,course_91ab0e816499,,True,
event_36562e1a26a6,course_8b59744add36,,True,
event_a40c54a0cf36,course_652cc01af500,,True,
event_57633beb4535,course_32bb804cae0b,,True,
event_d0d340806b42,course_dffa95c17d15,,True,
event_96cad58fa2b4,course_f4b470a49e86,,True,
event_17e8ee035f2c,course_8bd84321b99d,,True,
event_2d8669fd5c3a,course_cae6f0728477,,True,
event_5d1e0b6dbcf6,course_d910ed03b3f0,,True,
event_7b9089d0a67d,course_dd38846e234f,,True,
event_25ab366dd792,course_516984f8deac,,True,
event_61e3eb83b31e,course_b08635301ce4,,True,
event_c65b01cea88d,course_5c0899372abd,,True,
event_088c61763ebb,course_e33140555a41,,True,
event_ce707a69535a,course_30783c28bbdb,,True,
event_9b2d5290c1e1,course_430bd85efb57,,True,
event_dad13bbf5294,course_f06c7095ef55,,True,
event_e82b6af45925,course_7469eb43298e,,True,
event_e93fd13f4568,course_39d1e7940752,,True,
event_769aaf0b68cf,course_94b6e0751d14,,True,
event_5fd61278994c,course_15a72fce9cc6,,True,
event_9e29f41e21fa,course_fb24de51201b,,True,
event_b6164c8c150f,course_cdc508c26b90,,True,
event_6315f3f6ead7,course_cdc802d4d0a8,,True,
event_33a5eb33a103,course_b02da7dede4f,,True,
event_4ad406b49de3,course_1ad2bf5b0889,,True,
event_403c6df87ad9,course_d49c5f7da746,,True,
event_8f6bd85b12a6,course_45b2fc5d7f1b,,True,
event_879878452be4,course_591389619c0d,,True,
event_0f1ac89bf5d6,course_311f5e48ca40,,True,
event_dd70c07cf846,course_1c094a6a2f0e,,True,
event_8357f45e1176,course_90e0023cb323,,True,
event_a902df589976,course_f2f0ee3f4f47,,True,
event_7b600f70ed30,course_5f1a6838ed4a,,True,
event_02988367c978,course_3cbc3019f3ac,,True,
event_7e9db94cbd6c,course_a4acfae1373e,,True,
event_b04dffafaf44,course_812a4ec45594,,True,
event_bb82b41c4784,course_52572763f383,,True,
event_9b58d48c871f,course_f596cb8dea6d,,True,
event_b3ff0d4d336b,course_ed3b768f02c8,,True,
event_4a54ce164196,course_b3b6f70ed395,,True,
event_c813a62b4e7e,course_253d35d16099,,True,
event_77bc62b9159f,course_be63ad31bbd1,,True,
event_be39dec6753f,course_db0acfc49735,,True,
event_7fd5fb51e691,course_015fd3cd6c4a,,True,
event_7cc95cf0755a,course_42afa4ef2f38,,True,
event_3fbe7ac038a0,course_343fe1b22b46,,True,
event_72af0827c524,course_21e53240e6b1,,True,
event_5e4206175ed0,course_8b59744add36,,True,
event_bb10a7f8cb94,course_04d526ae53cb,,True,
event_92f906ba3007,course_5aea933357b1,,True,
event_9efc00a4c065,course_dffa95c17d15,,True,
event_8128d06e9e95,course_6eb53327971d,,True,
event_4f1972954eda,course_f4b470a49e86,,True,
event_18a8937ef349,course_5cdce098e239,,True,
event_e6c61ebcc47f,course_516984f8deac,,True,
event_af2eb5bf268e,course_c8446ff4d849,,True,
event_0e7a01d28069,course_7517cb09e212,,True,
event_ce4f1a6c4bef,course_30783c28bbdb,,True,
event_7db001c61e38,course_32bb804cae0b,,True,
event_be6fa3a82a9d,course_94b6e0751d14,,True,
event_cac15ad8a51c,course_430bd85efb57,,True,
event_f49db153dbd3,course_15a72fce9cc6,,True,
event_fa423466e5eb,course_85983953d03c,,True,
event_869e092e241a,course_7469eb43298e,,True,
event_818d3cbee0ad,course_402fa4fda211,,True,
event_6a78d750fb05,course_39d1e7940752,,True,
event_f2355b73e52a,course_398991d139c6,,True,
event_b26071dfdad4,course_fb24de51201b,,True,
event_b2b48ce85f53,course_cdc508c26b90,,True,
event_d694977d9b9b,course_cdc802d4d0a8,,True,
event_29923ced115e,course_b02da7dede4f,,True,
event_374da858ade5,course_1ad2bf5b0889,,True,
event_3fff9017ba37,course_d49c5f7da746,,True,
event_24bcddb7b35c,course_45b2fc5d7f1b,,True,
event_2777cfaaeeb9,course_591389619c0d,,True,
event_521d8e933df0,course_311f5e48ca40,,True,
event_0dd9cbeb71c4,course_1c094a6a2f0e,,True,
event_9b6447be1e16,course_90e0023cb323,,True,
event_663189686906,course_f2f0ee3f4f47,,True,
event_ed5d2b2d1f5f,course_5f1a6838ed4a,,True,
event_803cbcd47ea8,course_3cbc3019f3ac,,True,
event_caa0a100d986,course_015fd3cd6c4a,,True,
event_f21ac09b4129,course_b3b6f70ed395,,True,
event_89ca5de58c12,course_8b59744add36,,True,
event_b4b52af3c036,course_04d526ae53cb,,True,
event_63a669e7f8f6,course_42afa4ef2f38,,True,
event_edd312f24bf0,course_42afa4ef2f38,,True,
event_e691de718f0d,course_5aea933357b1,,True,
event_31ba81f0c7da,course_5cdce098e239,,True,
event_e322d51b3a72,course_d004cc2af3c1,,True,
event_b6bcba95bdb0,course_516984f8deac,,True,
event_eefdd51004aa,course_5c0899372abd,,True,
event_1abcea9df0a2,course_5ae2d2db51ef,,True,
event_cfbcc7466e78,course_30783c28bbdb,,True,
event_f33392153795,course_430bd85efb57,,True,
event_6e166208a6f0,course_214416703c4f,,True,
event_1ae71ba6a026,course_867ea34c1c89,,True,
event_d1d5beab8ec2,course_8d6f402050bc,,True,
event_22cc646c5d6e,course_398991d139c6,,True,
event_8580537c5dd2,course_b1c25c63a6ed,,True,
event_933b9a0d6a89,course_ed3b768f02c8,,True,
event_19381b9ab7e1,course_cdc508c26b90,,True,
event_c3a0a495ae72,course_fb24de51201b,,True,
event_8284b7851120,course_b02da7dede4f,,True,
event_1f6db8c447b5,course_1ad2bf5b0889,,True,
event_43c0e33d1f6c,course_b44da746b766,,True,
event_841005d07c69,course_45b2fc5d7f1b,,True,
event_2e34e7c3833d,course_591389619c0d,,True,
event_e5327df7de4d,course_311f5e48ca40,,True,
event_2cfd00cfbdc3,course_1c094a6a2f0e,,True,
event_9626eab1e006,course_2b59bab5463e,,True,
event_ce875527b98d,course_90e0023cb323,,True,
event_d2e018d57625,course_3cbc3019f3ac,,True,
event_480ca502e457,course_a4acfae1373e,,True,
event_2374fe61a0f8,course_5f1a6838ed4a,,True,
event_e08c8404e946,course_52572763f383,,True,
event_81f5ea9f7dfd,course_f596cb8dea6d,,True,
event_3282122ec689,course_ed3b768f02c8,,True,
event_cd0a94f01666,course_b3b6f70ed395,,True,
event_5d05ca2cbc20,course_812a4ec45594,,True,
event_d78608ad8e25,course_253d35d16099,,True,
event_3e5957e7a7df,course_8280c4d8e9e0,,True,
event_16997089e904,course_3d2d29e2a8ce,,True,
event_47bbfc328bc4,course_015fd3cd6c4a,,True,
event_1568c5ac0951,course_42afa4ef2f38,,True,
event_a430b26b83c3,course_30cbcf927e87,,True,
event_7f7579e8280a,course_4bf2e21a0b54,,True,
event_9600c179a207,course_8b59744add36,,True,
event_b734e2712531,course_04d526ae53cb,,True,
event_ac09eedb2c18,course_dffa95c17d15,,True,
event_ddccf7d149b8,course_5489719a59db,,True,
event_dd9cc48b628a,course_f4b470a49e86,,True,
event_d430124caa60,course_5aea933357b1,,True,
event_7e0fff13114f,course_5cdce098e239,,True,
event_8009224294a3,course_516984f8deac,,True,
event_654ddfc45ba4,course_c8446ff4d849,,True,
event_ce06ee40ab96,course_41958488d931,,True,
event_49b0c4e4f98b,course_30783c28bbdb,,True,
event_b11fa1179f39,course_430bd85efb57,,True,
event_9b576572e7de,course_94b6e0751d14,,True,
event_c0e7086cfa02,course_15a72fce9cc6,,True,
event_2f3a16d8b590,course_c63d998f02d0,,True,
event_10d6f4a65399,course_402fa4fda211,,True,
event_0196933a6a70,course_398991d139c6,,True,
event_063b322ab140,course_fb24de51201b,,True,
event_bffaa74b00a5,course_b1c25c63a6ed,,True,
event_0066039e73e6,course_cdc508c26b90,,True,
event_f9789769a90f,course_cdc802d4d0a8,,True,
event_14797281fada,course_b02da7dede4f,,True,
event_faeece69c4b9,course_1ad2bf5b0889,,True,
event_a82c96f16521,course_d49c5f7da746,,True,
event_d475c29def9d,course_45b2fc5d7f1b,,True,
event_a38ee4c0c173,course_311f5e48ca40,,True,
event_6c2c13d389e5,course_591389619c0d,,True,
event_f7cd92ad5396,course_1c094a6a2f0e,,True,
event_c87b8db9d46b,course_5f1a6838ed4a,,True,
event_53c3836b3ad7,course_3cbc3019f3ac,,True,
event_5ca8fefa5928,course_90e0023cb323,,True,
event_3aa8025f5537,course_a4acfae1373e,,True,
event_2c2bb126ed93,course_812a4ec45594,,True,
event_744be1d7f51c,course_52572763f383,,True,
event_5043b2548d43,course_f596cb8dea6d,,True,
event_78410d8f3b8c,course_ed3b768f02c8,,True,
event_85554e826c1f,course_b3b6f70ed395,,True,
event_bb3bc43312dc,course_2db206497df0,,True,
event_f4f27b4b1a64,course_652cc01af500,,True,
event_907bdbbc7389,course_8280c4d8e9e0,,True,
event_75ddb8c918a0,course_f59256e06255,,True,
event_9697aeafaca1,course_015fd3cd6c4a,,True,
event_1f6fedb6ec8b,course_42afa4ef2f38,,True,
event_5da964318a57,course_b128d5d4170d,,True,
event_46397ad67256,course_7520ad0663fb,,True,
event_9a0d62ee92bc,course_8b59744add36,,True,
event_86a013481397,course_dffa95c17d15,,True,
event_c8c5033e22fc,course_e3e4b459fcde,,True,
event_3caf62cd9677,course_f4b470a49e86,,True,
event_b82cae62e350,course_c42f8b1e9b34,,True,
event_6052c721d7ce,course_5aea933357b1,,True,
event_816cfc635f08,course_04d526ae53cb,,True,
event_8e4052f85106,course_516984f8deac,,True,
event_c2918f9e9d61,course_5cdce098e239,,True,
event_62e14f3ec040,course_cbcf5d6204af,,True,
event_15c4355f3e8a,course_30783c28bbdb,,True,
event_c9b1bcd4e8bd,course_430bd85efb57,,True,
event_a66437e05abe,course_94b6e0751d14,,True,
event_83c091080ed0,course_15a72fce9cc6,,True,
event_e239ea34ac24,course_402fa4fda211,,True,
event_61d6b42ed9da,course_30cbcf927e87,,True,
event_a50915764a48,course_398991d139c6,,True,
event_b8228329089e,course_fb24de51201b,,True,
event_86b13aa0fe13,course_b1c25c63a6ed,,True,
event_d424f19a70c4,course_cdc508c26b90,,True,
event_8791538f23a4,course_cdc802d4d0a8,,True,
event_0f53c63c30de,course_b02da7dede4f,,True,
event_4ee61a30584f,course_1ad2bf5b0889,,True,
event_49d4d8b21e43,course_d49c5f7da746,,True,
event_d8568808ada1,course_45b2fc5d7f1b,,True,
event_4b2297d04a98,course_311f5e48ca40,,True,
event_862ab9857f78,course_591389619c0d,,True,
event_fbaf2678dba5,course_1c094a6a2f0e,,True,
event_ed592cf3bdb1,course_5f1a6838ed4a,,True,
event_a22a5d54d4c4,course_90e0023cb323,,True,
event_d4f1897bc482,course_3cbc3019f3ac,,True,
event_7f77350f28e4,course_a4acfae1373e,,True,
event_59fca98eb904,course_812a4ec45594,,True,
event_bd4acb4533bb,course_52572763f383,,True,
event_8ab96ddf8698,course_f596cb8dea6d,,True,
event_d4699cc4e41d,course_ed3b768f02c8,,True,
event_5f2a112a8933,course_b3b6f70ed395,,True,
event_b6b6ed2b7f18,course_2db206497df0,,True,
event_a3ad45a65cbf,course_253d35d16099,,True,
event_22054b0d744e,course_8280c4d8e9e0,,True,
event_f8d9cb39af57,course_a6789e38710f,,True,
event_aee59f7c26b7,course_015fd3cd6c4a,,True,
event_8729dfc0eefd,course_42afa4ef2f38,,True,
event_72ba21b0bc37,course_42e9953ac08e,,True,
event_6c3280afaec7,course_aae07ba6d7bc,,True,
event_437e123a14a5,course_8b59744add36,,True,
event_f78c2370561a,course_04d526ae53cb,,True,
event_a2661f42b90f,course_dffa95c17d15,,True,
event_e5f2a02dcbd7,course_e3e4b459fcde,,True,
event_df5a2702350b,course_f4b470a49e86,,True,
event_4a53a15dd60a,course_a45d86493940,,True,
event_85fea43e6748,course_5aea933357b1,,True,
event_4bcaccae523e,course_516984f8deac,,True,
event_54f1097aa2ea,course_5cdce098e239,,True,
event_db36e76b1d8b,course_5ae2d2db51ef,,True,
event_6e961a76bb4e,course_30783c28bbdb,,True,
event_bb313a623cfc,course_430bd85efb57,,True,
event_0cb52ab8871d,course_94b6e0751d14,,True,
event_f70fc80d9ad8,course_15a72fce9cc6,,True,
event_ee4f1b6eef33,course_402fa4fda211,,True,
event_bf99de68eafa,course_6b6f33ca021f,,True,
event_7abd3c4a2013,course_398991d139c6,,True,
event_d47e424200c9,course_cdc508c26b90,,True,
event_c435c994addb,course_cdc802d4d0a8,,True,
event_b7097ba5b640,course_17f76e9c7e15,,True,
event_96ba60e7539b,course_b02da7dede4f,,True,
event_5abaa04b708f,course_1ad2bf5b0889,,True,
event_ae340c51d8dc,course_d49c5f7da746,,True,
event_6e419357841a,course_45b2fc5d7f1b,,True,
event_a196c599cb8c,course_311f5e48ca40,,True,
event_9c3ff53762f1,course_591389619c0d,,True,
event_645ffe201eae,course_1c094a6a2f0e,,True,
event_94e89c1685fa,course_2db206497df0,,True,
event_2c8107b8c0f0,course_5f1a6838ed4a,,True,
event_ebe930f372ed,course_3cbc3019f3ac,,True,
event_e76afbef0481,course_90e0023cb323,,True,
event_45b6d9c1a0a9,course_a4acfae1373e,,True,
event_bec8e24faf2e,course_812a4ec45594,,True,
event_717cd5a00cf0,course_b1c25c63a6ed,,True,
event_20ba9c40e91e,course_f596cb8dea6d,,True,
event_ed352b85d39c,course_ed3b768f02c8,,True,
event_2a5d421c25ef,course_b3b6f70ed395,,True,
event_a6b09efb0ff5,course_52572763f383,,True,
event_2d205b89b892,course_8280c4d8e9e0,,True,
event_b999f5b6acce,course_253d35d16099,,True,
event_eecab742d534,course_faedd88ee736,,True,
event_a6bf5418333b,course_ec7d45010e89,,True,
event_f39e307512f9,course_015fd3cd6c4a,,True,
event_c9330a672a3c,course_343fe1b22b46,,True,
event_76e4870660da,course_42afa4ef2f38,,True,
event_c52b3b855e8c,course_4cc5b1a06e60,,True,
event_f17c3778b94a,course_8b59744add36,,True,
event_cdeebc835cc6,course_04d526ae53cb,,True,
event_da3459e1f53b,course_dffa95c17d15,,True,
event_daa9951655d4,course_e3e4b459fcde,,True,
event_0baac89c1643,course_f4b470a49e86,,True,
event_dfa3abd7cba8,course_c39186e87c9a,,True,
event_f49d208a2e05,course_5aea933357b1,,True,
event_d65ff6b5ffb6,course_516984f8deac,,True,
event_9dc9efbe8850,course_5cdce098e239,,True,
event_bb79445d3b66,course_83a3b7b57fd2,,True,
event_627c1d35d229,course_30783c28bbdb,,True,
event_15c8c93f747a,course_c0758ca79eb9,,True,
event_396c53da17f6,course_94b6e0751d14,,True,
event_2669e20c81fe,course_db68f4d8e2aa,,True,
event_bd9993384f93,course_15a72fce9cc6,,True,
event_2cdb6fe4e61d,course_641308e1d4f0,,True,
event_9885877b0c74,course_6b6f33ca021f,,True,
event_f2ec9dc222ee,course_398991d139c6,,True,
event_a5eb50872f48,course_cdc508c26b90,,True,
event_7d491b328335,course_dfe8e96fb78e,,True,
event_0fb8dc3f7d24,course_17f76e9c7e15,,True,
event_cadcafee19fe,course_b02da7dede4f,,True,
event_19c37c01bbb4,course_1ad2bf5b0889,,True,
event_6899201a841f,course_d49c5f7da746,,True,
event_1c6adbc47f16,course_45b2fc5d7f1b,,True,
event_c8cc135c2443,course_311f5e48ca40,,True,
event_6df39225cdad,course_591389619c0d,,True,
event_e6cd1ce88c48,course_4bf2e21a0b54,,True,
event_a7dc49c71581,course_2db206497df0,,True,
event_6a5e8cf82d55,course_5f1a6838ed4a,,True,
event_6f963a69a39e,course_3cbc3019f3ac,,True,
event_97204457eb39,course_90e0023cb323,,True,
event_aba8d2cd87c4,course_a4acfae1373e,,True,
event_e6f46dbc6bc1,course_812a4ec45594,,True,
event_ece32547a061,course_b1c25c63a6ed,,True,
event_6cc13ab0dfe1,course_f596cb8dea6d,,True,
event_e470f02c4c85,course_ed3b768f02c8,,True,
event_65df1bc277fa,course_b3b6f70ed395,,True,
event_f4c5ac67b2e8,course_52572763f383,,True,
event_6c0eae987db8,course_8280c4d8e9e0,,True,
event_728b083b19c2,course_dce4be1fbc27,,True,
event_927c060c9e2a,course_faedd88ee736,,True,
event_ab0a445fdfac,course_253d35d16099,,True,
event_d3115e0e0a70,course_015fd3cd6c4a,,True,
event_1b255b40d364,course_42afa4ef2f38,,True,
event_934b4da340bd,course_668837c92861,,True,
event_3066821fdd95,course_0ff061e0278c,,True,
event_77c97a5b7ef1,course_8b59744add36,,True,
event_320f3694c5f9,course_04d526ae53cb,,True,
event_13d3620cc086,course_dffa95c17d15,,True,
event_19dcaa3a2098,course_e3e4b459fcde,,True,
event_63ada6255891,course_6dc1a0dd104f,,True,
event_40bfb65e4112,course_6eb53327971d,,True,
event_d0108adeb046,course_5aea933357b1,,True,
event_c4396a7423cd,course_516984f8deac,,True,
event_3c4c3059a32e,course_5cdce098e239,,True,
event_42cd676418d0,course_c47323776e53,,True,
event_1a2387559a0e,course_30783c28bbdb,,True,
event_0ae4e19172ce,course_c0758ca79eb9,,True,
event_0762bd3319f7,course_b2d79407de96,,True,
event_bc169ca83cdd,course_40fe948bae57,,True,
event_875b43c9b2b4,course_db68f4d8e2aa,,True,
event_e0aa297f7741,course_6b6f33ca021f,,True,
event_e2de9bb604fb,course_398991d139c6,,True,
event_28192fdead3a,course_1ec056d2b4d6,,True,
event_a192a3345732,course_dfe8e96fb78e,,True,
event_038d05a9a78a,course_17f76e9c7e15,,True,
event_a4b54ba23d7b,course_e3e4b459fcde,,True,
event_c1d4f61f68a2,course_6dc1a0dd104f,,True,
event_b97ee9dca3ce,course_dffa95c17d15,,True,
event_3d37d4d7d4c5,course_8b59744add36,,True,
event_18011f5ec7b8,course_91ab0e816499,,True,
event_919c78c406ca,course_668837c92861,,True,
event_bed90ac61996,course_42afa4ef2f38,,True,
event_016c26db43c2,course_015fd3cd6c4a,,True,
event_8904617f13e2,course_8280c4d8e9e0,,True,
event_af2aa4a8a292,course_e33140555a41,,True,
event_a0e95a7e2821,course_faedd88ee736,,True,
event_49e5f842c327,course_253d35d16099,,True,
event_30e02c47295a,course_eb9197e2ae8a,,True,
event_837d1cf5338d,course_a9346c56f26d,,True,
event_79f14f288510,course_b3b6f70ed395,,True,
event_821ef0585c66,course_ed3b768f02c8,,True,
event_be8c480f3dd4,course_f596cb8dea6d,,True,
event_3f95d0424aaf,course_b1c25c63a6ed,,True,
event_abd719a2db6e,course_812a4ec45594,,True,
event_b4707573e446,course_a4acfae1373e,,True,
event_0a607b1750a1,course_90e0023cb323,,True,
event_f1cee2b69351,course_3cbc3019f3ac,,True,
event_1b1476546792,course_5f1a6838ed4a,,True,
event_62dbf56c4e66,course_1c094a6a2f0e,,True,
event_a1d845e231ee,course_21e53240e6b1,,True,
event_ac1a627c9154,course_591389619c0d,,True,
event_26e3aaf11ce3,course_4bf2e21a0b54,,True,
event_eb2c05dc351f,course_533613fd2ca4,,True,
event_f6e1988ab7cb,course_1ad2bf5b0889,,True,
event_7fffbbc1fa8a,course_b02da7dede4f,,True,
